db30a192-6e64-4d05-9a8b-2d963227ba69	58728ba5-bc77-473f-9475-4a7d658897c2	342cc754-b33f-4be7-b2b5-12ce6d27ae22	Veggie Vine Gums
1c49cf54-d32f-4059-a543-585e8fe3f8fd	58728ba5-bc77-473f-9475-4a7d658897c2	c6625b15-43ea-4930-be80-bfb33fab6986	Veggie Vine Gums Heart
66512190-850a-4ae1-8890-db66b0449674	58728ba5-bc77-473f-9475-4a7d658897c2	8fac1bc4-0d3b-400e-9ebf-7134cc452cfc	Cola Fläschchen
6c8d2f89-9385-4aad-8f98-fbe87df9dadc	58728ba5-bc77-473f-9475-4a7d658897c2	f635b387-093b-4f61-9c1e-9b83b947c4a5	Schokodrops (Vollmilch)
0eeaf988-aeec-449b-8869-9efacdaab766	58728ba5-bc77-473f-9475-4a7d658897c2	8715dc26-4589-430c-b4bc-63a1779dba6e	Schokodrops (weiß)
fcabb250-51d8-4b74-9558-b557a5d3f4e2	58728ba5-bc77-473f-9475-4a7d658897c2	c52ad4e5-4e44-420d-b0dd-fb4b8240410f	Saurer Apfel (ohne Gelatine)
0370abfd-742c-4c8a-a4bc-e403461ff0ba	58728ba5-bc77-473f-9475-4a7d658897c2	0e0778f3-4cdb-47bc-ab97-a065ea8453e0	Himbeer-Holunder-Mix (ohne Gelatine)
78cb5297-e785-469c-95f8-1447f53b1df5	58728ba5-bc77-473f-9475-4a7d658897c2	8deaa08f-a33d-40f1-a1d5-972cd412f9d7	Kokos Keks
3b984452-9cbb-4705-bbb4-d4fe3c9df780	58728ba5-bc77-473f-9475-4a7d658897c2	55f89442-67be-44db-82a8-4f260d735cd2	Lemon Biscuit
ac666205-2f27-4bd4-89bb-e88310d8b687	58728ba5-bc77-473f-9475-4a7d658897c2	5dcc4db6-7424-4b46-9843-a8ade1f66327	Kakaopulver (nicht alkalisiert)
afc2f998-18ff-4859-b521-282fa2974578	58728ba5-bc77-473f-9475-4a7d658897c2	e1696d9a-7d25-441f-ad52-a37cedca4698	Kokosblütenzucker
8075fb67-0481-4a78-afb0-ad1c8274b88e	58728ba5-bc77-473f-9475-4a7d658897c2	b6763e89-e79c-4a38-88d0-80d099af4e9a	Roh-Rohrzucker
78eaffc1-66bb-4b32-b90e-0cb4469d5249	58728ba5-bc77-473f-9475-4a7d658897c2	c8f702e5-632d-48ac-91aa-19a17f9d8601	Rübenzucker
58654f37-2f99-4ed1-9983-b007ebd8cb91	58728ba5-bc77-473f-9475-4a7d658897c2	62b19a26-ef18-4269-89a9-909727dab76f	Himalaya Kristallsalz
9d4cc7e3-8bca-444a-9c1f-edc3faa2abfa	58728ba5-bc77-473f-9475-4a7d658897c2	61bd7b9b-cc51-4d8e-b76c-4e1aff510714	Steinsalz
dffc40c0-a514-4325-a457-8042c3dabb9e	58728ba5-bc77-473f-9475-4a7d658897c2	9e9d4868-a0ae-46ab-9beb-c2f701f46c53	Pfeffer schwarz
59b182e4-8d20-420a-80c3-5aee69f3eba9	58728ba5-bc77-473f-9475-4a7d658897c2	0e3d150b-ebe7-4ffa-85f4-9d31b8fed0e6	Hirse
59db3077-ce3a-4393-8dc5-4873010969fa	58728ba5-bc77-473f-9475-4a7d658897c2	4a82a599-46ec-4acd-a613-df900ccc29f6	Dinkelmehl 630
41bcc8ca-72bf-41a3-9872-b2cf7f19abca	58728ba5-bc77-473f-9475-4a7d658897c2	074687eb-a29f-4cca-8b3e-db0b58f8310d	Weizenmehl 550 Bioland
a7438c7f-a3ad-4621-90c2-9661f2983e95	58728ba5-bc77-473f-9475-4a7d658897c2	35eeb71a-1542-45bc-93d0-fac367fe0d8e	Reisvollkornmehl
a5262196-7afa-45ee-8f82-bcac07413d8f	58728ba5-bc77-473f-9475-4a7d658897c2	900e2ca3-9a98-4a69-9950-b9aedb25642d	Quinoa Tricolore Bio
a4b1791d-ec2a-4de7-b6e8-2feaf0a827e0	58728ba5-bc77-473f-9475-4a7d658897c2	a01984db-5bd6-4efb-b0f1-3cfcf08ae300	Chia Samen
c0bd168a-ed00-4e7d-8587-8903d0296b09	58728ba5-bc77-473f-9475-4a7d658897c2	6524d97e-8d79-4c3f-b367-6048a612cc88	Leinsaat
55b60c73-372c-48d5-a15d-691276200190	58728ba5-bc77-473f-9475-4a7d658897c2	011237ef-ab2f-4f91-8561-e36ee70c5bd7	Couscous Vollkorn
0b6dbb37-a31a-4eb2-ac65-28d3004aac10	58728ba5-bc77-473f-9475-4a7d658897c2	e0a05905-1e93-423f-a6cc-75b8f8590e10	Bulgur grob
9c1d1b4f-707b-4dca-90c0-a0fbdea86e34	58728ba5-bc77-473f-9475-4a7d658897c2	ce4f57b0-6781-4386-a4f2-77b06a77fe8d	Sesam ungeschält Demeter
80879bd0-5c54-4cba-9f21-a3d447bcf541	58728ba5-bc77-473f-9475-4a7d658897c2	07eeb0db-7c1d-4193-9f33-709fdf62e78c	Cacao Nibs
d17e4f3b-1963-4e42-8773-36217369e02a	58728ba5-bc77-473f-9475-4a7d658897c2	fb3ee520-21d0-4d81-af12-636f3fcca49a	Reisflocken
caac5860-170a-4d3a-a9ad-50dfc9027157	58728ba5-bc77-473f-9475-4a7d658897c2	208d541a-b443-4d71-9859-485646463a33	Reiscrispies (ungesüßt)
e576ba02-050a-44e0-8aa0-38d980b268a7	58728ba5-bc77-473f-9475-4a7d658897c2	d33ce218-eab5-46de-af90-bbcaec22dca8	Basis-Müsli
98bd4503-6d04-41aa-a5e3-faf736c6f9c7	58728ba5-bc77-473f-9475-4a7d658897c2	8eabeaf4-780e-4bdb-a54f-3691dd2b4daf	Low Carb Protein Plus
7058774f-ecad-49a2-81d9-0c4400a42787	58728ba5-bc77-473f-9475-4a7d658897c2	b8ac26b5-8cf4-4a60-9256-b14c87e1a182	Chocnut-Junky
7fb6e395-6d05-43b4-b259-19312eecb737	58728ba5-bc77-473f-9475-4a7d658897c2	8e5d13dd-da17-47e8-a5a8-7369718f512a	Granola (Schwarzwälder-Kirsch)
6cb368a3-968d-4861-832f-529eceae3dbd	58728ba5-bc77-473f-9475-4a7d658897c2	e0605c90-9a00-4134-8fdb-ece8879b1e5a	Quinoa Porrdige mit Beeren & Erdmandeln
85f3da98-bbd0-4bbf-b5e6-98c9e3b14320	58728ba5-bc77-473f-9475-4a7d658897c2	b9ce0e33-d3fc-44b7-af2c-6792f9fcc503	Beeren-Traum
c8de7bcf-0720-4eec-ad1a-06cb6ad4d658	58728ba5-bc77-473f-9475-4a7d658897c2	1a197908-0212-43e7-8ecb-b2481f12f9c9	Müsli Dinkel mit Früchten
64b42479-cf92-462c-8b3a-9510d27b12b9	58728ba5-bc77-473f-9475-4a7d658897c2	61b63d74-c0c1-4cd0-86ce-edffe6199bc3	Sonnenblumenkerne
cd3870e5-4d32-4e94-9a87-533c298a7c43	58728ba5-bc77-473f-9475-4a7d658897c2	898427b1-673a-4664-958d-e2e03ca872c5	Kürbiskerne
11baf770-28a3-4bf8-bb8d-d165d643f7f0	58728ba5-bc77-473f-9475-4a7d658897c2	b3bb0683-b7d2-405d-86c7-db43b8a5791f	Haselnuss (Demeter)
cc6a5fcc-c52c-49cf-8893-d024081e979d	58728ba5-bc77-473f-9475-4a7d658897c2	aa43e31e-c2af-409e-8d0a-c75734ed0f7e	Paranuss
e8341e34-19f9-4b62-ab04-21d50e3b5744	58728ba5-bc77-473f-9475-4a7d658897c2	7781339b-15bd-4d1c-94ca-a3ae77d9ebb5	Erdnuss blanchiert (roh)
9d731791-f33b-46b1-b067-8235852775e8	58728ba5-bc77-473f-9475-4a7d658897c2	ca110452-b2ab-4c9c-b292-3c982ad9c380	Pekannuss
138d364e-e9c6-4592-bbde-6dffbff1d584	58728ba5-bc77-473f-9475-4a7d658897c2	9bfd0bcf-82f9-4cf2-acda-30b1a78f2b2f	Pistazien (geröstet & gesalzen)
2cef02a5-ea82-4dc9-9a9e-bdbe12b8e768	58728ba5-bc77-473f-9475-4a7d658897c2	cd0462ef-5a55-4b5c-a0e7-535bb2245e48	Haferflocken (Großblättrig)
53173bbb-c583-4e74-a4f8-a94d3a15e659	58728ba5-bc77-473f-9475-4a7d658897c2	d35afda1-066d-42f7-989d-efa3b298eedc	Haferflocken (Kleinblättrig)
992f1e04-01a2-4d49-a4d1-35e8a1e0bd0a	58728ba5-bc77-473f-9475-4a7d658897c2	a1b880f1-5c8c-4e26-970f-b0ed9d87ad0a	Vollkorn Cornflakes
aa6db8b7-c314-492e-8965-b19780b8a8b1	58728ba5-bc77-473f-9475-4a7d658897c2	9ce1c00e-ffab-4ed8-9d1c-2410b1d3d7a3	Dinkel (gepufft)
ef800059-9735-4681-9664-b8005acae94b	58728ba5-bc77-473f-9475-4a7d658897c2	c8d63d7a-9e8e-488c-b46f-4cb2ecd5536f	Amaranth (gepufft)
2f9f1918-abdd-4c1c-8a3e-6f8c69a06218	58728ba5-bc77-473f-9475-4a7d658897c2	94784f16-5f5f-4d0a-9b74-a4ba1d2cb0ae	Buchweizen (gepufft)
bbe1da21-731a-42f5-99a6-86799a8fcbc3	58728ba5-bc77-473f-9475-4a7d658897c2	8bfd49b3-0756-4cd4-9ff1-107567da1b37	Mandeln (braun)
790ff117-d7c9-41ce-9791-c45b7558632c	58728ba5-bc77-473f-9475-4a7d658897c2	0d066ddf-e140-4348-9cc4-6f58acfafa3f	Walnuss
40b2acb7-481a-4660-8792-4e89c71a7685	58728ba5-bc77-473f-9475-4a7d658897c2	381d409a-a961-4670-8478-e809316b2207	Mandeln
d84acb6d-024e-4e42-bdc8-e56520760400	58728ba5-bc77-473f-9475-4a7d658897c2	15a44e3a-74fb-47da-a208-0a251e98a1c1	Mandeln (blanchiert)
3136773a-bb1e-4499-8452-f85c56dafed5	58728ba5-bc77-473f-9475-4a7d658897c2	71663747-da45-41d9-8df2-818a1c06487d	Hanfsamen (ungeschält, ungeröstet)
68c57354-6358-4d83-a73f-0b88b5e2039a	58728ba5-bc77-473f-9475-4a7d658897c2	5003cf12-dbc6-4ba0-8431-7634ff54c6c3	Buchweizen
fcb7f1ef-c18d-4322-824a-8cfe6df59a0f	58728ba5-bc77-473f-9475-4a7d658897c2	99bc216a-974b-4848-a737-0f8243c3aadd	Roggen
16909041-8bf1-4e59-b54e-ed6fa2feb6d7	58728ba5-bc77-473f-9475-4a7d658897c2	99c3972b-0fb7-4659-a8b9-dfe9d052eb28	Dinkel
9f3bac0a-27f7-4b56-91b9-b0fad8b06504	58728ba5-bc77-473f-9475-4a7d658897c2	ecddfa01-6ebd-4d3b-a6e5-92e8ff3b0a39	Grünkern
98a9dbec-fd7f-41ca-acd0-6cbc42bed89e	58728ba5-bc77-473f-9475-4a7d658897c2	a06eb5e9-9261-4b62-bcc0-3438dbad2a6b	Hafer (geschält, Bio)
c93f255a-ec03-4bf2-8441-76cc184bd00c	58728ba5-bc77-473f-9475-4a7d658897c2	2fc99904-6a9a-4c95-ba86-26ce17951088	Weizen
ccff37f3-dafe-4b8a-8a67-aa4902461219	58728ba5-bc77-473f-9475-4a7d658897c2	73d16adb-5843-4818-a600-d0893e46a400	Erdbeeren (gefriergetrocknet)
0375404d-abda-4251-b327-1c5a334d5cc0	58728ba5-bc77-473f-9475-4a7d658897c2	f2a7998d-b20d-4adb-939a-c0a6e23f3ca3	Himbeeren (gefriergetrocknet)
a12dbd9a-6438-43c4-9da8-08314b0e57c8	58728ba5-bc77-473f-9475-4a7d658897c2	260cc5a6-ce0a-428a-a206-53eb6675799f	Ananas (getrocknet)
6251d808-7f05-4946-8dc5-b3210943a354	58728ba5-bc77-473f-9475-4a7d658897c2	7249da4e-59ff-4931-a542-b0781858a77a	Aprikosen (getrocknet)
fdc8b6be-24da-4865-9f3c-7b93c5e17d7f	58728ba5-bc77-473f-9475-4a7d658897c2	2abcf2c2-fbee-48aa-b2c4-fd6b32f575ee	Physalis (gefriergetrocknet)
ef85a57c-d8e6-48d8-ac12-0e8bcad854bb	58728ba5-bc77-473f-9475-4a7d658897c2	2ed0bb68-1347-4f2e-87dc-733c1999ba99	Physalis
43e31ca0-084b-49c3-9815-a684a489302a	58728ba5-bc77-473f-9475-4a7d658897c2	fb1998e6-eb6a-4e9a-8188-e4b537988e7d	Sultaninen (Demeter)
c997e02b-4c7c-4a3d-b745-84235da0b43b	58728ba5-bc77-473f-9475-4a7d658897c2	ad23bf18-6309-4b0f-815b-146da67b5566	Mangostreifen
f1128a02-6b83-4e87-ab54-893e060d2377	58728ba5-bc77-473f-9475-4a7d658897c2	c30af505-71bb-48a6-9bc7-9b1ed90e5424	Cranberries mit Apfeldicksaft
2c8cdc0d-aba5-4ee5-937c-baba9ef37d64	58728ba5-bc77-473f-9475-4a7d658897c2	940b083d-cc6b-4922-b9ea-23aaf97d1f6f	Sauerkirschen
ac58b311-9b0f-4552-8e29-01acf3a3ce82	58728ba5-bc77-473f-9475-4a7d658897c2	7c862786-9ca8-4ed1-9d85-487f00c30b7b	Blaubeeren (wild)
9d3b9af2-5a33-4047-bd40-d29964ab3475	58728ba5-bc77-473f-9475-4a7d658897c2	2923435a-5e1b-4967-81b8-1cb9482a673d	Apfel (rotschalig)
3545b615-adab-492e-8e65-02b7412b6b7e	58728ba5-bc77-473f-9475-4a7d658897c2	9d1e2dc8-ab8d-4338-a5be-0ad03dc61a9e	Medjuhl-Datteln
d82f210e-5db5-43cd-b2d2-6571c78118f1	58728ba5-bc77-473f-9475-4a7d658897c2	4964d571-faf6-4154-b60d-bb5bebb3da73	Datteln (ohne Stein)
b3626d07-390b-4570-ba03-5220b80f5974	58728ba5-bc77-473f-9475-4a7d658897c2	68b0e7e8-24c5-43b7-86d1-ffbdf7305e41	Xylit (Birkenzucker)
d065b482-1a7f-4da0-b3d1-63a83aa4b12b	58728ba5-bc77-473f-9475-4a7d658897c2	f4992bb1-a258-4ae2-a083-5ecc7dd606fe	Maisgrieß (polenta)
216a0f50-44c0-4dbf-bc30-b7642b7c28d5	58728ba5-bc77-473f-9475-4a7d658897c2	20ab63e1-921e-4f93-80a9-3122ca4f5245	Dinkelvollkorngrieß
214f14d7-cedf-4fc5-98e3-f11028189e86	58728ba5-bc77-473f-9475-4a7d658897c2	c99ab4a0-ee52-4300-be91-6bfb040800fc	Sojabrocken (grob)
81f8a9b2-a94c-4c1c-85ee-aa68ad773ed7	58728ba5-bc77-473f-9475-4a7d658897c2	57e5c275-e8c8-421e-ab97-5f41e6a4aa98	Sojabrocken (extrafein)
d9b70af7-2d19-4dc4-bff4-707d9254d6d4	58728ba5-bc77-473f-9475-4a7d658897c2	3ddc976c-ba08-4908-94a6-f5e4d6f9e4e2	Kidneybohnen (rot)
06efee69-4c5e-4be1-9699-e8cddb5a0b89	58728ba5-bc77-473f-9475-4a7d658897c2	b0fc9d04-dcf9-46a5-adc1-83403e095ba3	Weiße Bohnen
a15dff56-08f9-492c-953d-5af24b9ea260	58728ba5-bc77-473f-9475-4a7d658897c2	b634c5d0-f6e6-467f-99f9-a0a06d7cb7fd	Erbsen grün
0e70820c-d967-46f8-8d90-5fcd58689a14	58728ba5-bc77-473f-9475-4a7d658897c2	90e96242-2553-4a97-9803-9b52b1ffb4da	Linsen (rot)
227d5b05-f086-4d00-896d-3415277af25e	58728ba5-bc77-473f-9475-4a7d658897c2	896d311f-ffe7-4355-a4c7-d26728f113f6	Linsen (grün)
fa74954f-b48d-4e77-b2c4-0f065851f811	58728ba5-bc77-473f-9475-4a7d658897c2	b3bfc715-3c28-4332-bfac-1a8dc9592d09	Linsen (braun)
ab008b46-e713-4821-9dd5-5044ce49ef46	58728ba5-bc77-473f-9475-4a7d658897c2	6d05d6cb-cec8-46d9-95c2-a0e283315353	Linsen (schwarz)
7f8ae9aa-ff9c-4e41-bd47-8603a2d00e24	58728ba5-bc77-473f-9475-4a7d658897c2	9cbf2082-d999-480b-99bf-821e56e17c23	Kichererbsen
80041cea-e2ef-4ffd-b55d-eb5a27b2aee1	58728ba5-bc77-473f-9475-4a7d658897c2	343be699-d5a6-490a-8ca1-24f8eb943f6d	Sojabohnen
ccbb38b5-2805-42d4-b307-e7fdfb2cf485	58728ba5-bc77-473f-9475-4a7d658897c2	74d146c2-1d18-49f4-85bc-faf5f0755230	Popcornmais
7aab59d2-2bf4-4ea2-805d-03a93c62a790	58728ba5-bc77-473f-9475-4a7d658897c2	3ba9b4a1-b4e1-45cb-baf5-5570530138ed	Goodel Spirelli Mungbohne
f50e5566-2984-4e4c-91c9-d0a749326c9d	58728ba5-bc77-473f-9475-4a7d658897c2	dba88165-45e1-4ee7-a7c5-d6a6001896f5	Penne Vollkorn
62dca61d-3f3d-47b0-a9e1-289db051f6ab	58728ba5-bc77-473f-9475-4a7d658897c2	04baf2ee-a1f2-4874-a538-36ffdea8e631	Rote Linsen Strozzapreti
7599e575-d899-40f5-b595-822c0a93281e	58728ba5-bc77-473f-9475-4a7d658897c2	cc6c38fa-c076-4a1e-a179-4cb947d2256f	Mais Penne
0e5331c1-9083-4eb9-a9ef-bbad286677ae	58728ba5-bc77-473f-9475-4a7d658897c2	6102082a-4e74-4744-9090-0211255ec56e	Penne Dinkel
1f68f81f-222f-4ad0-be65-86eab0826a95	58728ba5-bc77-473f-9475-4a7d658897c2	74a85e3a-0ca0-47b3-97e2-43295db1b6d4	Penne Dinkel-Halbvollkorn
574ce900-f361-4f2c-bd9f-7afc0fd633e3	58728ba5-bc77-473f-9475-4a7d658897c2	0fcced05-9ccb-4a66-ad7c-b17c03e4c28c	Penne Vollkorn
c499d4ae-d3db-47e7-911f-e03ee62ca46b	58728ba5-bc77-473f-9475-4a7d658897c2	ffc27cbf-bd67-40ef-a33c-56d64f628d06	Penne hell
c6e5df89-c195-43c6-90d6-3d1cff8f2609	58728ba5-bc77-473f-9475-4a7d658897c2	adc23a61-fa9b-46f1-89bf-4a6792140a2a	Fussili Vollkorn
f5b868dd-8fc0-411c-9186-a88689a6276a	58728ba5-bc77-473f-9475-4a7d658897c2	0d3a30a3-acc3-4dc0-b2fe-8a4741c80181	Fussili hell
7b15f56d-5211-44eb-a5ae-73899716a51f	58728ba5-bc77-473f-9475-4a7d658897c2	548743c6-f79c-4b67-80a8-47d8fb98a409	Reisnudeln
6e2cf33f-356d-4863-98c8-815268e8d1c8	58728ba5-bc77-473f-9475-4a7d658897c2	641de30d-49b5-40dd-beb9-65925dafc9c7	Dinkelbrezeln
4fa16e38-8207-470c-9c6d-fbd4dae06116	58728ba5-bc77-473f-9475-4a7d658897c2	4568080e-dff7-4ca8-83be-824ca50c2536	Langkornreis (weiß)
cea54038-5eb6-4e48-84ac-c309f0c2b82a	58728ba5-bc77-473f-9475-4a7d658897c2	14149d5d-5768-4110-879d-8d019c4648a2	Jasminreis Vollkorn
88f66e01-d5c6-49fa-9a92-4d518331d935	58728ba5-bc77-473f-9475-4a7d658897c2	360bea7a-7d83-45b5-871b-4ca434a15051	Jasminreis weiß
42794309-31e5-4281-9394-954df815a1fc	58728ba5-bc77-473f-9475-4a7d658897c2	297cd963-8aa6-4730-b6e0-2f6ad60427ed	Basmatireis Vollkorn
ca802561-f3e6-456c-a3ba-09749da827c7	58728ba5-bc77-473f-9475-4a7d658897c2	0259ec1c-756b-497c-ba00-b76309e582ef	Geschirrspülmittel Lemon
070ddc48-70f8-4d08-8c9c-47207b3cc922	58728ba5-bc77-473f-9475-4a7d658897c2	b3bb16f8-0d1c-4d82-82a7-ec9239226787	Allesreiniger
4477b71e-aaa8-4dc2-b5c9-9d0def36df8a	58728ba5-bc77-473f-9475-4a7d658897c2	85368bb2-d502-420d-a7be-b3f6b88c8970	Waschmittel sensitiv
47c15b64-bb40-44d1-93b4-8a1c6d7b47be	58728ba5-bc77-473f-9475-4a7d658897c2	5ca9e638-3667-4797-8cbf-c0c2402951c6	Waschmittel Color
2c42be60-e06b-4c35-ae45-49e4caa95c57	58728ba5-bc77-473f-9475-4a7d658897c2	0b81267f-3335-447b-ba14-fadcf7bd1e2a	Waschmittel Lavendel
1aa42ab2-0618-4a05-91e6-01bc2ad2638d	58728ba5-bc77-473f-9475-4a7d658897c2	292bb8a9-508d-4cdd-80be-16937c0d3429	Olivenwaschmittel für Wolle und Seide
fdd6bcb3-5dcb-4757-a9b7-79152689107f	58728ba5-bc77-473f-9475-4a7d658897c2	07cce83a-b0be-4dae-b91a-47d40cda4542	Handseife Rosmarin
3addfc3f-a4c3-45b3-a291-361e3686d1af	58728ba5-bc77-473f-9475-4a7d658897c2	6a6037de-6dea-4825-8d84-0ffc43763a2f	Flächendesinfektion
2dfd0994-5a55-42e6-af67-e487199685f8	58728ba5-bc77-473f-9475-4a7d658897c2	9fa156ea-697a-4228-985b-a57e527d31e6	Glasreiniger
69cc29c1-9143-4820-af58-90c272f429af	58728ba5-bc77-473f-9475-4a7d658897c2	d1fd1dec-7886-4894-9f0b-bebbbff65d6a	WC-Reiniger
14526f1d-3e25-478d-8bcf-64ace9e31523	58728ba5-bc77-473f-9475-4a7d658897c2	817d28ca-f46f-4729-94d8-875f93c95be5	Badreiniger
1793e611-e09b-4f44-a90e-3b3974c3ec46	58728ba5-bc77-473f-9475-4a7d658897c2	63a1b4a3-073f-42db-922d-cfb676cd101a	Klarspüler
3a51c650-4d0b-44b9-8ebd-a993346be145	58728ba5-bc77-473f-9475-4a7d658897c2	4b124e3f-3991-4ef9-b04c-d431f1e8186b	Kohle (gemahlen)
422046cd-6be5-4b41-afee-cea285f95d15	58728ba5-bc77-473f-9475-4a7d658897c2	ce34f62a-e219-401d-a450-bb44c3700aa1	Schlammkreide
4f2a3f51-081d-48e9-8fa5-80d04d7308d3	58728ba5-bc77-473f-9475-4a7d658897c2	7b4a8114-0c1e-40ee-9836-30917ad89813	Maisstärke
3f2c6c02-d7b6-4f69-997e-422e13d46b79	58728ba5-bc77-473f-9475-4a7d658897c2	57cebb82-3435-4398-b388-cfbe82e60f4e	Kakaobutter
c7bdf321-c54d-42c5-a5bd-86b601e6bc49	58728ba5-bc77-473f-9475-4a7d658897c2	762fc063-308f-4aa3-908d-70e69441c16d	Shampoo fettiges Haar
12d7fb84-5f6c-4bd7-8867-bb936ba2cd71	58728ba5-bc77-473f-9475-4a7d658897c2	8d53e630-ae9c-4bb2-98ca-5a3372f2f443	Shampoo trockenes Haar
870c5e59-3a79-4ab1-b8cc-06c1bca736f3	58728ba5-bc77-473f-9475-4a7d658897c2	6f7dc156-dd1b-4e37-a308-e1a6c449c109	Essig Essenz
1361d9cc-fdc4-49b1-9fd7-6109a89030f6	58728ba5-bc77-473f-9475-4a7d658897c2	3a4957c1-f618-4534-b9ce-8f8ef40ce350	Branntwein-Essig (10% Säure)
d246e554-452f-4645-8a06-02243a7e21b2	58728ba5-bc77-473f-9475-4a7d658897c2	ec0cb9eb-42ff-4aa8-a3b1-2d17dbf9e238	Tahin Nourit (Sesammus)
7140bc72-38d9-4bf0-ad41-e6164d523d73	58728ba5-bc77-473f-9475-4a7d658897c2	25f8fe02-a508-46d5-9801-e8a920aa931f	Aceto Balsamico
373bb0b0-d393-4f26-ad7e-d0320c0d29ab	58728ba5-bc77-473f-9475-4a7d658897c2	ed889d6e-a393-4976-a119-a83f0589ed38	Rapsöl Extra Mild
b6012973-3740-4a3f-87f5-945ba596656b	58728ba5-bc77-473f-9475-4a7d658897c2	2341d0f8-05f4-4324-b2e4-a0716beeb2a2	Bratöl
8f0832b5-f53a-4c11-a875-39f4a6354f3e	58728ba5-bc77-473f-9475-4a7d658897c2	939a4c94-4a46-4303-8c42-1bfbb1b4917a	Sonnenblumenöl
fe150bd2-3418-4062-85c8-6395fdf4eb38	58728ba5-bc77-473f-9475-4a7d658897c2	5b07f7b9-e521-4f5f-a3b1-6b3ab4d9bd4e	Duschmousse
8887c6c9-8a48-46fa-99fa-45cd142bae81	58728ba5-bc77-473f-9475-4a7d658897c2	7b9befc2-dc4d-450e-bd76-d2cf5030c41c	Koriander (gemahlen)
617bff8f-bbbd-41f8-af32-e2496f8a5f9f	58728ba5-bc77-473f-9475-4a7d658897c2	da91de35-1e66-4c1e-b3b0-0dd5a061f8ad	Koriander
534f9a09-3a1f-4a40-b5a6-df27a553678a	58728ba5-bc77-473f-9475-4a7d658897c2	4993e597-5c92-495f-9649-e2228db48dd1	Paprika (edelsüß)
f73fec52-0bbb-48f6-820c-21e63dc38025	58728ba5-bc77-473f-9475-4a7d658897c2	218e8a55-c09c-4164-b16f-84d8452e56f2	Paprika (scharf)
0655bd94-9f5f-4000-8d5c-e79951ed6470	58728ba5-bc77-473f-9475-4a7d658897c2	e43ca25c-392b-4f43-9563-930c7f5b6119	Curryflocken
0588113e-de55-4bea-8b5b-e2debbe1a28b	58728ba5-bc77-473f-9475-4a7d658897c2	d59d968f-9445-451b-ae75-8ddd4a590e6e	Cashewkerne
23d73f1a-a6e1-4b4a-9483-87509fc2ccf8	469cfec0-b8f4-4694-b786-055fc4c449ec	342cc754-b33f-4be7-b2b5-12ce6d27ae22	Veggie Vine Gums
1830eeff-f4ba-4ed7-bd83-916a3c404da1	469cfec0-b8f4-4694-b786-055fc4c449ec	c6625b15-43ea-4930-be80-bfb33fab6986	Veggie Vine Gums Heart
28c90917-b362-492e-b885-3e1176d1fad8	469cfec0-b8f4-4694-b786-055fc4c449ec	8fac1bc4-0d3b-400e-9ebf-7134cc452cfc	Cola bottle
f6d4241d-c454-4f05-866d-d28ba9f27fb1	469cfec0-b8f4-4694-b786-055fc4c449ec	f635b387-093b-4f61-9c1e-9b83b947c4a5	Chocolate Drops (whole milk)
1ef1aef1-1814-4118-b936-9087202f6dc5	469cfec0-b8f4-4694-b786-055fc4c449ec	8715dc26-4589-430c-b4bc-63a1779dba6e	Chocolate Drops (White)
f0026505-0c17-428b-a456-9ba1e84e8e63	469cfec0-b8f4-4694-b786-055fc4c449ec	c52ad4e5-4e44-420d-b0dd-fb4b8240410f	Sour Apple (without gelatin)
1df21570-2ecd-4cb1-8b2e-d98738d3fd75	469cfec0-b8f4-4694-b786-055fc4c449ec	0e0778f3-4cdb-47bc-ab97-a065ea8453e0	Raspberry and elderberry mix (without gelatin)
e1ef64c2-8646-4d6e-883a-387cdc104d3b	469cfec0-b8f4-4694-b786-055fc4c449ec	8deaa08f-a33d-40f1-a1d5-972cd412f9d7	coconut biscuit
e7324140-21f0-43fb-84f6-d77798990abd	469cfec0-b8f4-4694-b786-055fc4c449ec	55f89442-67be-44db-82a8-4f260d735cd2	Lemon Biscuit
250d6b39-da86-48a2-a922-62697dc90cc3	469cfec0-b8f4-4694-b786-055fc4c449ec	5dcc4db6-7424-4b46-9843-a8ade1f66327	Cocoa powder (not alkalized)
4a4d5878-426d-4b69-829d-c16cdc746505	469cfec0-b8f4-4694-b786-055fc4c449ec	e1696d9a-7d25-441f-ad52-a37cedca4698	Coconut blossom sugar
ef5dfb84-6fe1-442c-b187-7fc2832d2058	469cfec0-b8f4-4694-b786-055fc4c449ec	b6763e89-e79c-4a38-88d0-80d099af4e9a	Raw cane sugar
de578eb6-713f-4a0a-a743-fc41e2330f3a	469cfec0-b8f4-4694-b786-055fc4c449ec	c8f702e5-632d-48ac-91aa-19a17f9d8601	beet sugar
ee2de826-6427-4678-9354-330c705a90c8	469cfec0-b8f4-4694-b786-055fc4c449ec	62b19a26-ef18-4269-89a9-909727dab76f	Himalayan Crystal Salt
dfbcf11c-e9a4-46a1-967e-1cf419c96078	469cfec0-b8f4-4694-b786-055fc4c449ec	61bd7b9b-cc51-4d8e-b76c-4e1aff510714	rock salt
7b0aa5e9-815d-44b4-b928-892a07714d9f	469cfec0-b8f4-4694-b786-055fc4c449ec	9e9d4868-a0ae-46ab-9beb-c2f701f46c53	black pepper
3d4ef26c-7a85-4aed-8dbb-142344d06cdd	469cfec0-b8f4-4694-b786-055fc4c449ec	0e3d150b-ebe7-4ffa-85f4-9d31b8fed0e6	millet
9ee9d13e-a437-434a-94e6-e0b7c6f5d98d	469cfec0-b8f4-4694-b786-055fc4c449ec	4a82a599-46ec-4acd-a613-df900ccc29f6	Spelled flour 630
29766e00-c8c7-4228-8264-b838e05a35b0	469cfec0-b8f4-4694-b786-055fc4c449ec	074687eb-a29f-4cca-8b3e-db0b58f8310d	Wheat flour 550 Bioland
0cab609d-7646-4ed9-9db8-04d16320e04a	469cfec0-b8f4-4694-b786-055fc4c449ec	35eeb71a-1542-45bc-93d0-fac367fe0d8e	Rice wholemeal flour
4ae79980-94a6-4dd1-ba2e-839d9911378a	469cfec0-b8f4-4694-b786-055fc4c449ec	900e2ca3-9a98-4a69-9950-b9aedb25642d	Quinoa Tricolore Bio
eb226122-6772-417e-90bc-38e73b1fdabb	469cfec0-b8f4-4694-b786-055fc4c449ec	a01984db-5bd6-4efb-b0f1-3cfcf08ae300	Chia seeds
d3807f02-6a80-46ed-875b-c8efcf6f0cee	469cfec0-b8f4-4694-b786-055fc4c449ec	6524d97e-8d79-4c3f-b367-6048a612cc88	linseed
0b973ea0-d68a-4fed-8c28-b46e864f4f67	469cfec0-b8f4-4694-b786-055fc4c449ec	011237ef-ab2f-4f91-8561-e36ee70c5bd7	Couscous wholemeal
c9545554-2fb4-4df5-bca4-26906beb09a4	469cfec0-b8f4-4694-b786-055fc4c449ec	e0a05905-1e93-423f-a6cc-75b8f8590e10	bulgur coarse
3489d5f1-e15b-4509-adce-5f4ae0469be6	469cfec0-b8f4-4694-b786-055fc4c449ec	ce4f57b0-6781-4386-a4f2-77b06a77fe8d	Sesame unpeeled Demeter
a114d49b-1331-40d0-a37f-7f592f847dd7	469cfec0-b8f4-4694-b786-055fc4c449ec	07eeb0db-7c1d-4193-9f33-709fdf62e78c	Cacao Nibs
d5cd6f28-86c4-4003-9409-83996b5de6de	469cfec0-b8f4-4694-b786-055fc4c449ec	fb3ee520-21d0-4d81-af12-636f3fcca49a	rice flakes
ffa56b1f-10b1-4721-842b-8804fd56a5e8	469cfec0-b8f4-4694-b786-055fc4c449ec	208d541a-b443-4d71-9859-485646463a33	Rice crispies (unsweetened)
56d2d893-e8b9-4970-a34a-da25eefa08ee	469cfec0-b8f4-4694-b786-055fc4c449ec	d33ce218-eab5-46de-af90-bbcaec22dca8	Basic cereal
88ac5a04-c391-4fe7-a37e-619ab4d445b5	469cfec0-b8f4-4694-b786-055fc4c449ec	8eabeaf4-780e-4bdb-a54f-3691dd2b4daf	Low Carb Protein Plus
ea103fa4-76ff-426b-a74a-8486d6aab7aa	469cfec0-b8f4-4694-b786-055fc4c449ec	b8ac26b5-8cf4-4a60-9256-b14c87e1a182	Chocnut-Junky
83f16d79-b194-4bd3-bb44-ad1d7c272b45	469cfec0-b8f4-4694-b786-055fc4c449ec	8e5d13dd-da17-47e8-a5a8-7369718f512a	Granola (Schwarzwälder cherry)
41232e54-6633-45ef-8526-0a240c7b51bf	469cfec0-b8f4-4694-b786-055fc4c449ec	e0605c90-9a00-4134-8fdb-ece8879b1e5a	Quinoa Porrdige with berries & tiger nuts
c0ad4850-d4e8-4052-a812-f43e32c29df2	469cfec0-b8f4-4694-b786-055fc4c449ec	b9ce0e33-d3fc-44b7-af2c-6792f9fcc503	Beery dream
00413228-89f1-4845-ad2d-f68f0245f84f	469cfec0-b8f4-4694-b786-055fc4c449ec	1a197908-0212-43e7-8ecb-b2481f12f9c9	Muesli Spelled with fruits
c2015e86-3af8-4670-bd48-5c5a09cad4e1	469cfec0-b8f4-4694-b786-055fc4c449ec	61b63d74-c0c1-4cd0-86ce-edffe6199bc3	Sunflower seeds
92b78c51-046c-4437-a9c2-a24d8d73eed6	469cfec0-b8f4-4694-b786-055fc4c449ec	898427b1-673a-4664-958d-e2e03ca872c5	pumpkin seeds
6897a6b4-5b8f-4e4d-a1c5-7d2f17d98b71	469cfec0-b8f4-4694-b786-055fc4c449ec	b3bb0683-b7d2-405d-86c7-db43b8a5791f	Hazel (Demeter)
4bdce7aa-c56f-4746-a204-b27a6e12ae6d	469cfec0-b8f4-4694-b786-055fc4c449ec	aa43e31e-c2af-409e-8d0a-c75734ed0f7e	Brazil nuts
6a1b055e-294a-4611-ae21-60e839cc6356	469cfec0-b8f4-4694-b786-055fc4c449ec	7781339b-15bd-4d1c-94ca-a3ae77d9ebb5	Peanut blanched (raw)
6ab7b9d6-2f7a-40eb-8af5-50be861e1db0	469cfec0-b8f4-4694-b786-055fc4c449ec	ca110452-b2ab-4c9c-b292-3c982ad9c380	Pecan
73e54749-42fe-421f-8f3e-c38f845e7eb2	469cfec0-b8f4-4694-b786-055fc4c449ec	9bfd0bcf-82f9-4cf2-acda-30b1a78f2b2f	Pistachio (roasted and salted)
00e80fdb-8b25-4c18-a2cb-3f8455afa1e9	469cfec0-b8f4-4694-b786-055fc4c449ec	cd0462ef-5a55-4b5c-a0e7-535bb2245e48	Oatmeal (large leaves)
0b8b1d46-f724-430b-8e03-6169ec5d5748	469cfec0-b8f4-4694-b786-055fc4c449ec	d35afda1-066d-42f7-989d-efa3b298eedc	Oatmeal (small-leaved)
914704b4-271a-4985-b908-88fdf8b254b1	469cfec0-b8f4-4694-b786-055fc4c449ec	a1b880f1-5c8c-4e26-970f-b0ed9d87ad0a	Whole grain cereal
0ef057d6-63d3-489d-93a1-1d888222249b	469cfec0-b8f4-4694-b786-055fc4c449ec	9ce1c00e-ffab-4ed8-9d1c-2410b1d3d7a3	Spelled (puffed)
2ec75a2d-3abe-4c06-86c2-26f015e846a8	469cfec0-b8f4-4694-b786-055fc4c449ec	c8d63d7a-9e8e-488c-b46f-4cb2ecd5536f	Amaranth (puffed)
a2316697-8836-4a96-a439-1fd9d894853c	469cfec0-b8f4-4694-b786-055fc4c449ec	94784f16-5f5f-4d0a-9b74-a4ba1d2cb0ae	Buckwheat (puffed)
0ee0b70f-13ae-4240-b20c-f875312fb8e4	469cfec0-b8f4-4694-b786-055fc4c449ec	8bfd49b3-0756-4cd4-9ff1-107567da1b37	Almonds (brown)
0ae37391-10f6-49b6-a4d1-b267fc4be18c	469cfec0-b8f4-4694-b786-055fc4c449ec	0d066ddf-e140-4348-9cc4-6f58acfafa3f	walnut
dda581c0-fe1e-4972-a8bb-2b6943d45607	469cfec0-b8f4-4694-b786-055fc4c449ec	381d409a-a961-4670-8478-e809316b2207	almonds
98e23161-c91f-4cba-9011-c66a8630fb6d	469cfec0-b8f4-4694-b786-055fc4c449ec	15a44e3a-74fb-47da-a208-0a251e98a1c1	Almonds (blanched)
4450164d-577b-4f73-a77d-b41d3087f6d8	469cfec0-b8f4-4694-b786-055fc4c449ec	71663747-da45-41d9-8df2-818a1c06487d	Seeds (unpeeled, Unroasted)
a24bdb7e-df64-4977-962b-860fd9ff2fc1	469cfec0-b8f4-4694-b786-055fc4c449ec	5003cf12-dbc6-4ba0-8431-7634ff54c6c3	buckwheat
0aac6aa1-29f4-45d2-b814-b24143322dd1	469cfec0-b8f4-4694-b786-055fc4c449ec	99bc216a-974b-4848-a737-0f8243c3aadd	rye
f24b746e-cd75-4352-8921-6f8c34391cc9	469cfec0-b8f4-4694-b786-055fc4c449ec	99c3972b-0fb7-4659-a8b9-dfe9d052eb28	Spelt
b71e7533-506a-41f1-9487-4ca170109342	469cfec0-b8f4-4694-b786-055fc4c449ec	ecddfa01-6ebd-4d3b-a6e5-92e8ff3b0a39	Grünkern
a6044fe5-214d-40e5-800d-ac5a4150bbed	469cfec0-b8f4-4694-b786-055fc4c449ec	a06eb5e9-9261-4b62-bcc0-3438dbad2a6b	Oats (peeled, Bio)
d2f3cf49-728c-49a1-ac4e-91c3168f1fc4	469cfec0-b8f4-4694-b786-055fc4c449ec	2fc99904-6a9a-4c95-ba86-26ce17951088	wheat
3136575c-e54a-4424-b8c5-17f2227c0be4	469cfec0-b8f4-4694-b786-055fc4c449ec	73d16adb-5843-4818-a600-d0893e46a400	Strawberry (freeze-dried)
dda56346-6c34-4bec-a880-a2f276e10e04	469cfec0-b8f4-4694-b786-055fc4c449ec	f2a7998d-b20d-4adb-939a-c0a6e23f3ca3	Raspberry (freeze-dried)
29e99cc4-2522-4754-82c7-8d8492f3239a	469cfec0-b8f4-4694-b786-055fc4c449ec	260cc5a6-ce0a-428a-a206-53eb6675799f	Pineapple (dried)
9a6e0bac-d4a3-4cf6-85e1-1f34d73ed91c	469cfec0-b8f4-4694-b786-055fc4c449ec	7249da4e-59ff-4931-a542-b0781858a77a	Apricot (dried)
79ae10c3-0581-4a30-a2f8-4d7081b720f2	469cfec0-b8f4-4694-b786-055fc4c449ec	2abcf2c2-fbee-48aa-b2c4-fd6b32f575ee	Physalis (freeze-dried)
16173c91-1fda-4992-8418-d9e16d551e43	469cfec0-b8f4-4694-b786-055fc4c449ec	2ed0bb68-1347-4f2e-87dc-733c1999ba99	Physalis
5b387aed-2843-4240-ba00-d9a20593186f	469cfec0-b8f4-4694-b786-055fc4c449ec	fb1998e6-eb6a-4e9a-8188-e4b537988e7d	Sultanas (Demeter)
2e9c75ff-2391-45cb-8e81-73c1479b70a7	469cfec0-b8f4-4694-b786-055fc4c449ec	ad23bf18-6309-4b0f-815b-146da67b5566	mango slices
82ffa580-6e74-4039-9c1e-a0af86f49417	469cfec0-b8f4-4694-b786-055fc4c449ec	c30af505-71bb-48a6-9bc7-9b1ed90e5424	Cranberries with apple juice
4a32b598-7aa5-46bd-bef0-5a047f7eba8b	469cfec0-b8f4-4694-b786-055fc4c449ec	940b083d-cc6b-4922-b9ea-23aaf97d1f6f	sour cherries
852c30b5-4e33-4c16-ae78-0dada16ce65e	469cfec0-b8f4-4694-b786-055fc4c449ec	7c862786-9ca8-4ed1-9d85-487f00c30b7b	Blueberries (wild)
b87bd2c1-6115-4e32-b527-e5a1b8d472e2	469cfec0-b8f4-4694-b786-055fc4c449ec	2923435a-5e1b-4967-81b8-1cb9482a673d	Apple (rotschalig)
d69793d1-c830-4288-b57f-da0c26613bd6	469cfec0-b8f4-4694-b786-055fc4c449ec	9d1e2dc8-ab8d-4338-a5be-0ad03dc61a9e	Medjuhl-dates
85b23233-c74f-4f5a-8c9e-7a05214738c3	469cfec0-b8f4-4694-b786-055fc4c449ec	4964d571-faf6-4154-b60d-bb5bebb3da73	Dates (pitted)
ae2cadb5-47dd-45e6-b4e9-7a5fee686e2c	469cfec0-b8f4-4694-b786-055fc4c449ec	68b0e7e8-24c5-43b7-86d1-ffbdf7305e41	Xylitol (birch sugar)
ff99ff27-d535-4d2d-9527-70330856489b	469cfec0-b8f4-4694-b786-055fc4c449ec	f4992bb1-a258-4ae2-a083-5ecc7dd606fe	Corn meal (polenta)
a3d57853-4eb0-4623-bade-9f92d3295e68	469cfec0-b8f4-4694-b786-055fc4c449ec	20ab63e1-921e-4f93-80a9-3122ca4f5245	Wholemeal spelled flour
580c67d9-2bb8-44a9-bc1b-82ff4b441885	469cfec0-b8f4-4694-b786-055fc4c449ec	c99ab4a0-ee52-4300-be91-6bfb040800fc	Soy chunks (coarse)
cd4d5823-292b-4baf-9cbb-50b42028ac1e	469cfec0-b8f4-4694-b786-055fc4c449ec	57e5c275-e8c8-421e-ab97-5f41e6a4aa98	Soy chunks (extra fine)
faf8a2fb-15fe-4edb-a2f5-899a64e662d7	469cfec0-b8f4-4694-b786-055fc4c449ec	3ddc976c-ba08-4908-94a6-f5e4d6f9e4e2	Kidney beans (red)
720309df-6b60-400e-a9a7-922915ba441d	469cfec0-b8f4-4694-b786-055fc4c449ec	b0fc9d04-dcf9-46a5-adc1-83403e095ba3	White beans
7e5603c6-5ccc-4105-a1dc-176598148e98	469cfec0-b8f4-4694-b786-055fc4c449ec	b634c5d0-f6e6-467f-99f9-a0a06d7cb7fd	green peas
8fa51312-1068-4657-aa8d-21c8483620d3	469cfec0-b8f4-4694-b786-055fc4c449ec	90e96242-2553-4a97-9803-9b52b1ffb4da	Lenses (red)
80c20db2-0de7-4047-9070-98f870085f4e	469cfec0-b8f4-4694-b786-055fc4c449ec	896d311f-ffe7-4355-a4c7-d26728f113f6	Lenses (green)
50cff3c8-812b-4f47-a129-024d3a97af6d	469cfec0-b8f4-4694-b786-055fc4c449ec	b3bfc715-3c28-4332-bfac-1a8dc9592d09	Lenses (brown)
f4ac5821-ce47-4c99-94fb-ae6b53d0556b	469cfec0-b8f4-4694-b786-055fc4c449ec	6d05d6cb-cec8-46d9-95c2-a0e283315353	Lenses (black)
88a687a6-ad37-4d79-a650-27ccfb41c964	469cfec0-b8f4-4694-b786-055fc4c449ec	9cbf2082-d999-480b-99bf-821e56e17c23	Chickpeas
33b84039-4df6-404b-8204-09d162785d63	469cfec0-b8f4-4694-b786-055fc4c449ec	343be699-d5a6-490a-8ca1-24f8eb943f6d	soybeans
12a31a1c-45ee-4578-b55c-934142741d39	469cfec0-b8f4-4694-b786-055fc4c449ec	74d146c2-1d18-49f4-85bc-faf5f0755230	corn for popcorn
fe613b0d-464a-4ffd-9529-587cd4901d72	469cfec0-b8f4-4694-b786-055fc4c449ec	3ba9b4a1-b4e1-45cb-baf5-5570530138ed	Goodel Spirelli mung bean
624b8d92-b66d-49b8-ae1a-667e804f791e	469cfec0-b8f4-4694-b786-055fc4c449ec	dba88165-45e1-4ee7-a7c5-d6a6001896f5	Penne wholegrain
0f0f437f-a3fc-4a46-815c-697b7afd431c	469cfec0-b8f4-4694-b786-055fc4c449ec	04baf2ee-a1f2-4874-a538-36ffdea8e631	Red lentils Strozzapreti
402a61a6-778d-412a-bd94-dbe0b30cf608	469cfec0-b8f4-4694-b786-055fc4c449ec	cc6c38fa-c076-4a1e-a179-4cb947d2256f	corn Penne
e56c3a50-1435-4b67-a987-685818c3720f	469cfec0-b8f4-4694-b786-055fc4c449ec	6102082a-4e74-4744-9090-0211255ec56e	penne spelled
7c3dc2dc-a001-4fa8-af19-d91f878d7a14	469cfec0-b8f4-4694-b786-055fc4c449ec	74a85e3a-0ca0-47b3-97e2-43295db1b6d4	Penne Spelled half wholemeal
51a403cd-31ca-4b7f-b7e6-f2e5d2e5d987	469cfec0-b8f4-4694-b786-055fc4c449ec	0fcced05-9ccb-4a66-ad7c-b17c03e4c28c	Penne wholegrain
4bacf45c-6df4-4db3-b0e2-ff9b5f5256f8	469cfec0-b8f4-4694-b786-055fc4c449ec	ffc27cbf-bd67-40ef-a33c-56d64f628d06	Penne bright
5777446a-dde2-4c13-9d66-9ed06f807163	469cfec0-b8f4-4694-b786-055fc4c449ec	adc23a61-fa9b-46f1-89bf-4a6792140a2a	Fussili wholemeal
825431b1-9373-4fee-b54c-880ef5d1eb69	469cfec0-b8f4-4694-b786-055fc4c449ec	0d3a30a3-acc3-4dc0-b2fe-8a4741c80181	Fussili bright
446f2f77-7aa4-49c2-a1f3-2a4e916cf78a	469cfec0-b8f4-4694-b786-055fc4c449ec	548743c6-f79c-4b67-80a8-47d8fb98a409	rice noodles
c85bbc2c-d7a0-407d-9a3d-97d1dea8b55e	469cfec0-b8f4-4694-b786-055fc4c449ec	641de30d-49b5-40dd-beb9-65925dafc9c7	spelled pretzels
de993869-a414-4921-9f39-d7d84598dee3	469cfec0-b8f4-4694-b786-055fc4c449ec	4568080e-dff7-4ca8-83be-824ca50c2536	Long grain rice (white)
1f00f7c5-c124-4982-83e5-bd4944aef814	469cfec0-b8f4-4694-b786-055fc4c449ec	14149d5d-5768-4110-879d-8d019c4648a2	Jasmine rice wholemeal
5c88b817-f42b-474c-96c7-2b7ea02d9560	469cfec0-b8f4-4694-b786-055fc4c449ec	360bea7a-7d83-45b5-871b-4ca434a15051	White jasmine rice
bba74ba2-4851-4c8a-b183-34d00456245a	469cfec0-b8f4-4694-b786-055fc4c449ec	297cd963-8aa6-4730-b6e0-2f6ad60427ed	Basmati wholemeal
b5600e9b-b087-4a5c-8fec-8013a98f5151	469cfec0-b8f4-4694-b786-055fc4c449ec	0259ec1c-756b-497c-ba00-b76309e582ef	Dishwashing liquid Lemon
56950a63-c33c-4a75-a8cd-641b28c94352	469cfec0-b8f4-4694-b786-055fc4c449ec	b3bb16f8-0d1c-4d82-82a7-ec9239226787	Allesreiniger
63acd942-9fa0-4227-a889-c73560356f6e	469cfec0-b8f4-4694-b786-055fc4c449ec	85368bb2-d502-420d-a7be-b3f6b88c8970	detergent sensitive
245c792a-fcf3-4932-b29b-0d43ff119363	469cfec0-b8f4-4694-b786-055fc4c449ec	5ca9e638-3667-4797-8cbf-c0c2402951c6	detergent Color
d75a19b0-3bc8-41c8-b596-c1c7b2c1e754	469cfec0-b8f4-4694-b786-055fc4c449ec	0b81267f-3335-447b-ba14-fadcf7bd1e2a	detergent lavender
b3a37599-bbc5-4efe-b39d-d4752dbd2bdf	469cfec0-b8f4-4694-b786-055fc4c449ec	292bb8a9-508d-4cdd-80be-16937c0d3429	Olive detergent for wool and silk
1842015b-7874-4e4b-9f87-e29281c54126	469cfec0-b8f4-4694-b786-055fc4c449ec	07cce83a-b0be-4dae-b91a-47d40cda4542	Hand Soap Rosemary
3f3a5c80-2a69-4890-91b8-7f6173b61b07	469cfec0-b8f4-4694-b786-055fc4c449ec	6a6037de-6dea-4825-8d84-0ffc43763a2f	surface disinfection
b98befe3-31f2-44ac-89e2-3667a7ae1559	469cfec0-b8f4-4694-b786-055fc4c449ec	9fa156ea-697a-4228-985b-a57e527d31e6	glass cleaner
b9aa3e52-4f76-434d-a213-3e280623aeae	469cfec0-b8f4-4694-b786-055fc4c449ec	d1fd1dec-7886-4894-9f0b-bebbbff65d6a	WC cleaner
7c5cd43e-9d44-490f-a670-2c2e86510a0f	469cfec0-b8f4-4694-b786-055fc4c449ec	817d28ca-f46f-4729-94d8-875f93c95be5	Bathroom Cleaners
b4e0d88e-b5c1-4765-890f-89b10d18e346	469cfec0-b8f4-4694-b786-055fc4c449ec	63a1b4a3-073f-42db-922d-cfb676cd101a	rinse aid
73871156-574e-4a26-b127-ed92f912fac4	469cfec0-b8f4-4694-b786-055fc4c449ec	4b124e3f-3991-4ef9-b04c-d431f1e8186b	Coal (ground)
0e5b6779-bb50-4e87-a1d4-348195d7155c	469cfec0-b8f4-4694-b786-055fc4c449ec	ce34f62a-e219-401d-a450-bb44c3700aa1	mud chalk
9b98eb15-b2e2-4dfe-a0ca-46b510477269	469cfec0-b8f4-4694-b786-055fc4c449ec	7b4a8114-0c1e-40ee-9836-30917ad89813	corn starch
cb8d84c5-902d-45cb-9148-76e6d6425339	469cfec0-b8f4-4694-b786-055fc4c449ec	57cebb82-3435-4398-b388-cfbe82e60f4e	cocoa butter
c451f6ac-0e23-4599-81fd-86e77af884ac	469cfec0-b8f4-4694-b786-055fc4c449ec	762fc063-308f-4aa3-908d-70e69441c16d	Shampoo oily hair
a112afd1-c4aa-4cb3-9199-05e18bbe9fc0	469cfec0-b8f4-4694-b786-055fc4c449ec	8d53e630-ae9c-4bb2-98ca-5a3372f2f443	Shampoo dry hair
ca18025b-abe7-4f81-9306-6e984f242e19	469cfec0-b8f4-4694-b786-055fc4c449ec	6f7dc156-dd1b-4e37-a308-e1a6c449c109	vinegar
dfca6916-56b5-4d92-a25f-7b90bb2464d0	469cfec0-b8f4-4694-b786-055fc4c449ec	3a4957c1-f618-4534-b9ce-8f8ef40ce350	Brandy vinegar (10% acid)
08b15695-0968-4dcf-8297-bbc8155a0860	469cfec0-b8f4-4694-b786-055fc4c449ec	ec0cb9eb-42ff-4aa8-a3b1-2d17dbf9e238	Tahin Nourit (sesame paste)
64868741-77c7-4da4-9e89-fa9bf47651be	469cfec0-b8f4-4694-b786-055fc4c449ec	25f8fe02-a508-46d5-9801-e8a920aa931f	Aceto Balsamico
bf47e4d4-4d8a-4c10-8adf-f7f55c466f4f	469cfec0-b8f4-4694-b786-055fc4c449ec	ed889d6e-a393-4976-a119-a83f0589ed38	Rapeseed oil Extra Mild
5ac08542-ffb6-4256-bb8f-44fcb9f27f85	469cfec0-b8f4-4694-b786-055fc4c449ec	2341d0f8-05f4-4324-b2e4-a0716beeb2a2	cooking oil
f5fd7302-7dea-4e78-8b70-52d153241d13	469cfec0-b8f4-4694-b786-055fc4c449ec	939a4c94-4a46-4303-8c42-1bfbb1b4917a	Sunflower oil
2f01d1aa-5d99-469f-b345-f60cae3caf93	469cfec0-b8f4-4694-b786-055fc4c449ec	5b07f7b9-e521-4f5f-a3b1-6b3ab4d9bd4e	shower mousse
33d9f33f-2c2c-4eb8-bad2-9d6373e5da3f	469cfec0-b8f4-4694-b786-055fc4c449ec	7b9befc2-dc4d-450e-bd76-d2cf5030c41c	Coriander (ground)
4c873c15-38f3-4d49-a5a2-e550240320f7	469cfec0-b8f4-4694-b786-055fc4c449ec	da91de35-1e66-4c1e-b3b0-0dd5a061f8ad	coriander
9dc351ff-a65b-480a-a839-796ef05f0b52	469cfec0-b8f4-4694-b786-055fc4c449ec	4993e597-5c92-495f-9649-e2228db48dd1	Sweet paprika
3bc2f2f0-ed80-4d55-9dc2-f9f676667cd2	469cfec0-b8f4-4694-b786-055fc4c449ec	218e8a55-c09c-4164-b16f-84d8452e56f2	Hot pepper
a1d04007-2504-4f85-ac1a-650f5de482e5	469cfec0-b8f4-4694-b786-055fc4c449ec	e43ca25c-392b-4f43-9563-930c7f5b6119	curry flakes
b83627cc-806f-49ab-8c58-4751114191c9	469cfec0-b8f4-4694-b786-055fc4c449ec	d59d968f-9445-451b-ae75-8ddd4a590e6e	cashews
62e2736e-7ff8-4d12-92aa-89515d02aa1b	dd25b32b-50c5-4921-893a-d84aae90c38b	342cc754-b33f-4be7-b2b5-12ce6d27ae22	Veggie Vine Gomas
272751f4-9e30-440b-8ae2-27815a8ca671	dd25b32b-50c5-4921-893a-d84aae90c38b	c6625b15-43ea-4930-be80-bfb33fab6986	Veggie Vine Gomas del corazón
b17b3875-9fa5-4240-b92b-d06a79d0fbe4	dd25b32b-50c5-4921-893a-d84aae90c38b	8fac1bc4-0d3b-400e-9ebf-7134cc452cfc	botella de refresco de cola
fe4f6a44-d156-455c-b813-fa9a6d81aef4	dd25b32b-50c5-4921-893a-d84aae90c38b	f635b387-093b-4f61-9c1e-9b83b947c4a5	Las gotas de chocolate (leche entera)
16c63a0b-dd00-4c36-bccb-bf0df84fe7cb	dd25b32b-50c5-4921-893a-d84aae90c38b	8715dc26-4589-430c-b4bc-63a1779dba6e	Las gotas de chocolate (blanco)
6e17e703-dc8c-406e-949d-be456ed1aad7	dd25b32b-50c5-4921-893a-d84aae90c38b	c52ad4e5-4e44-420d-b0dd-fb4b8240410f	Manzana ácida (sin gelatina)
e1c0e6e0-6d58-409d-8cd5-f594b8dea8f9	dd25b32b-50c5-4921-893a-d84aae90c38b	0e0778f3-4cdb-47bc-ab97-a065ea8453e0	Frambuesa y la mezcla de la baya del saúco (sin gelatina)
c46c5a5f-399f-4c7e-81e8-8de0782c133d	dd25b32b-50c5-4921-893a-d84aae90c38b	8deaa08f-a33d-40f1-a1d5-972cd412f9d7	galletas de coco
b10d6f06-4aef-4b1d-83af-f217335b3841	dd25b32b-50c5-4921-893a-d84aae90c38b	55f89442-67be-44db-82a8-4f260d735cd2	Galletas de limón
5c6cdbeb-1509-49f6-aa46-5543789eedb2	dd25b32b-50c5-4921-893a-d84aae90c38b	5dcc4db6-7424-4b46-9843-a8ade1f66327	Cacao en polvo (no se alcalinizó)
195a4867-d256-4731-bcfc-23f69c6b17e7	dd25b32b-50c5-4921-893a-d84aae90c38b	e1696d9a-7d25-441f-ad52-a37cedca4698	azúcar flor de coco
2dc22dd5-cb7b-4c22-bbff-e8cfd6e76738	dd25b32b-50c5-4921-893a-d84aae90c38b	b6763e89-e79c-4a38-88d0-80d099af4e9a	azúcar de caña en bruto
6b679d4e-b735-477d-815e-3ff23d6b07f7	dd25b32b-50c5-4921-893a-d84aae90c38b	c8f702e5-632d-48ac-91aa-19a17f9d8601	azúcar de remolacha
ee579fca-569a-4a52-a9c8-1f4e3c8b516d	dd25b32b-50c5-4921-893a-d84aae90c38b	62b19a26-ef18-4269-89a9-909727dab76f	Himalaya sal cristalina
7898b5de-875d-4309-bbc5-f51bfc5ecb7d	dd25b32b-50c5-4921-893a-d84aae90c38b	61bd7b9b-cc51-4d8e-b76c-4e1aff510714	sal de piedra
ac5a9f33-724d-4688-a221-d8a6f9094911	dd25b32b-50c5-4921-893a-d84aae90c38b	9e9d4868-a0ae-46ab-9beb-c2f701f46c53	pimienta negro
ae5750d7-ad19-4b7f-93f3-59421c6474ef	dd25b32b-50c5-4921-893a-d84aae90c38b	0e3d150b-ebe7-4ffa-85f4-9d31b8fed0e6	mijo
27674cd5-f50e-483a-99b9-ad92f16e026d	dd25b32b-50c5-4921-893a-d84aae90c38b	4a82a599-46ec-4acd-a613-df900ccc29f6	harina de espelta 630
ff6c5029-f95d-4a1b-9974-eb79633bb7e4	dd25b32b-50c5-4921-893a-d84aae90c38b	074687eb-a29f-4cca-8b3e-db0b58f8310d	La harina de trigo 550 Bioland
a5f9dcf5-0be4-4a7f-834b-d0bbfe35b910	dd25b32b-50c5-4921-893a-d84aae90c38b	35eeb71a-1542-45bc-93d0-fac367fe0d8e	Arroz harina integral
a047f2d9-b718-4968-a419-408ea04d7030	dd25b32b-50c5-4921-893a-d84aae90c38b	900e2ca3-9a98-4a69-9950-b9aedb25642d	Quinoa Tricolore Bio
5ba1800d-46a7-466f-a2c2-9d0de1354ad9	dd25b32b-50c5-4921-893a-d84aae90c38b	a01984db-5bd6-4efb-b0f1-3cfcf08ae300	Las semillas de chía
b31c5ca3-e68e-415c-9e20-a1d09b379cca	dd25b32b-50c5-4921-893a-d84aae90c38b	6524d97e-8d79-4c3f-b367-6048a612cc88	linaza
f823bee5-436c-4181-bbb5-ce1d4feccd6a	dd25b32b-50c5-4921-893a-d84aae90c38b	011237ef-ab2f-4f91-8561-e36ee70c5bd7	cuscús integral
def4f48f-0121-4662-8968-73a9c1622a60	dd25b32b-50c5-4921-893a-d84aae90c38b	e0a05905-1e93-423f-a6cc-75b8f8590e10	gruesa bulgur
e6230c19-e3e0-4c27-9380-a3f88ab123b4	dd25b32b-50c5-4921-893a-d84aae90c38b	ce4f57b0-6781-4386-a4f2-77b06a77fe8d	Sésamo unpeeled Demeter
ab023172-c035-458b-869d-20fad1d7542d	dd25b32b-50c5-4921-893a-d84aae90c38b	07eeb0db-7c1d-4193-9f33-709fdf62e78c	Semillas de cacao
0d6c57e2-847b-4ee3-ae00-b868c0f3ce0f	dd25b32b-50c5-4921-893a-d84aae90c38b	fb3ee520-21d0-4d81-af12-636f3fcca49a	copos de arroz
e5292d6c-ef34-4b22-a628-9ea85af4f875	dd25b32b-50c5-4921-893a-d84aae90c38b	208d541a-b443-4d71-9859-485646463a33	arroz inflado (sin azúcar)
083f068b-149f-445e-889f-e41e1db17e66	dd25b32b-50c5-4921-893a-d84aae90c38b	d33ce218-eab5-46de-af90-bbcaec22dca8	cereales básicos
09179358-166a-4995-8a7f-d4ef1b0b5933	dd25b32b-50c5-4921-893a-d84aae90c38b	8eabeaf4-780e-4bdb-a54f-3691dd2b4daf	La proteína baja en carbohidratos Plus
cf17cb5b-db55-4c76-ae37-282cae91d5c0	dd25b32b-50c5-4921-893a-d84aae90c38b	b8ac26b5-8cf4-4a60-9256-b14c87e1a182	Chocnut-drogadicto
15fd11a5-9f63-4dbe-99c1-f7ab42a0c043	dd25b32b-50c5-4921-893a-d84aae90c38b	8e5d13dd-da17-47e8-a5a8-7369718f512a	Granola (Schwarzwälder cereza)
83b2101e-3406-4e40-8bb4-103b1412410d	dd25b32b-50c5-4921-893a-d84aae90c38b	e0605c90-9a00-4134-8fdb-ece8879b1e5a	La quinua Porrdige con bayas y chufas
afa7ce48-56a2-441c-bd5f-9bf813e15045	dd25b32b-50c5-4921-893a-d84aae90c38b	b9ce0e33-d3fc-44b7-af2c-6792f9fcc503	Berry sueño
76e909f7-9e16-469d-8bf2-4aa1e96a7bff	dd25b32b-50c5-4921-893a-d84aae90c38b	1a197908-0212-43e7-8ecb-b2481f12f9c9	Muesli deletreada con las frutas
0e40bcd9-d7b1-4352-87db-e032c1fd21e3	dd25b32b-50c5-4921-893a-d84aae90c38b	61b63d74-c0c1-4cd0-86ce-edffe6199bc3	Las semillas de girasol
23eaaaca-9edb-4776-b0c4-a92113351290	dd25b32b-50c5-4921-893a-d84aae90c38b	898427b1-673a-4664-958d-e2e03ca872c5	semillas de calabaza
51c36f56-9ba3-4c1a-8f9a-e61dcf923b00	dd25b32b-50c5-4921-893a-d84aae90c38b	b3bb0683-b7d2-405d-86c7-db43b8a5791f	Hazel (Demeter)
fb5b2f57-2397-4db8-834f-3ea51ce011da	dd25b32b-50c5-4921-893a-d84aae90c38b	aa43e31e-c2af-409e-8d0a-c75734ed0f7e	nueces de Brasil
e2e58803-cd6b-4af7-a911-b94c3514d06e	dd25b32b-50c5-4921-893a-d84aae90c38b	7781339b-15bd-4d1c-94ca-a3ae77d9ebb5	Cacahuete palideció (en bruto)
4a3b4228-02f4-47a1-990a-b59a46c48958	dd25b32b-50c5-4921-893a-d84aae90c38b	ca110452-b2ab-4c9c-b292-3c982ad9c380	pacana
00b85c09-609b-42de-8554-fbbdbc2467f9	dd25b32b-50c5-4921-893a-d84aae90c38b	9bfd0bcf-82f9-4cf2-acda-30b1a78f2b2f	Pistacho (tostado y salado)
4bd41a44-03aa-471e-ae78-d0e4eb6e0360	dd25b32b-50c5-4921-893a-d84aae90c38b	cd0462ef-5a55-4b5c-a0e7-535bb2245e48	La harina de avena (hojas grandes)
bb21e3ba-f639-4696-b0e1-9a97c503d697	dd25b32b-50c5-4921-893a-d84aae90c38b	d35afda1-066d-42f7-989d-efa3b298eedc	La harina de avena (de hoja pequeña)
e4366250-0688-4ade-a57d-1c8867682dc0	dd25b32b-50c5-4921-893a-d84aae90c38b	a1b880f1-5c8c-4e26-970f-b0ed9d87ad0a	cereales de grano entero
49dc7b07-a18b-44a4-b060-58d606f9b936	dd25b32b-50c5-4921-893a-d84aae90c38b	9ce1c00e-ffab-4ed8-9d1c-2410b1d3d7a3	Espelta (hinchado)
160d8c88-1286-40d8-96f4-3d8d6267aff4	dd25b32b-50c5-4921-893a-d84aae90c38b	c8d63d7a-9e8e-488c-b46f-4cb2ecd5536f	Amaranto (hinchado)
4ab0003e-6196-4cbc-b35f-dc03372a4656	dd25b32b-50c5-4921-893a-d84aae90c38b	94784f16-5f5f-4d0a-9b74-a4ba1d2cb0ae	Alforfón (hinchado)
3f12004a-ca54-4d28-ac62-4e10d9c3be87	dd25b32b-50c5-4921-893a-d84aae90c38b	8bfd49b3-0756-4cd4-9ff1-107567da1b37	Las almendras (marrón)
736721c5-54a8-4bab-af37-757efb2756dc	dd25b32b-50c5-4921-893a-d84aae90c38b	0d066ddf-e140-4348-9cc4-6f58acfafa3f	nuez
07a3608e-1f00-452b-97f1-59a4f0924675	dd25b32b-50c5-4921-893a-d84aae90c38b	381d409a-a961-4670-8478-e809316b2207	almendras
792737d9-5198-4c7b-a147-13f6419bc02a	dd25b32b-50c5-4921-893a-d84aae90c38b	15a44e3a-74fb-47da-a208-0a251e98a1c1	Las almendras (blanqueado)
1393012e-69fd-4bbd-8b38-1208f768c12c	dd25b32b-50c5-4921-893a-d84aae90c38b	71663747-da45-41d9-8df2-818a1c06487d	Semillas (sin pelar, sin tostar)
785f1b20-8e02-458a-8577-d59b90496471	dd25b32b-50c5-4921-893a-d84aae90c38b	5003cf12-dbc6-4ba0-8431-7634ff54c6c3	alforfón
4fd342a6-81ff-4d68-9094-e1a81e70bc3f	dd25b32b-50c5-4921-893a-d84aae90c38b	99bc216a-974b-4848-a737-0f8243c3aadd	centeno
492eb8a8-80ff-4d80-a1ef-ab3980f28cbc	dd25b32b-50c5-4921-893a-d84aae90c38b	99c3972b-0fb7-4659-a8b9-dfe9d052eb28	espelta
4ef362d0-0d02-47cd-9a49-b2b32a5ac8c7	dd25b32b-50c5-4921-893a-d84aae90c38b	ecddfa01-6ebd-4d3b-a6e5-92e8ff3b0a39	Grünkern
a4b13152-79db-4636-81e1-9ab2933fec8d	dd25b32b-50c5-4921-893a-d84aae90c38b	a06eb5e9-9261-4b62-bcc0-3438dbad2a6b	Avena (pelado, Bio)
d2414a31-48e0-4026-991a-fe97d4af69e1	dd25b32b-50c5-4921-893a-d84aae90c38b	2fc99904-6a9a-4c95-ba86-26ce17951088	trigo
21986f6a-d321-4b40-afd1-709e43bcdc47	dd25b32b-50c5-4921-893a-d84aae90c38b	73d16adb-5843-4818-a600-d0893e46a400	Fresa (liofilizado)
55c89e15-e60e-4f15-930a-10e1913d88c6	dd25b32b-50c5-4921-893a-d84aae90c38b	f2a7998d-b20d-4adb-939a-c0a6e23f3ca3	Frambuesa (liofilizado)
dc98ae68-e223-4677-9882-94be3a8fbd02	dd25b32b-50c5-4921-893a-d84aae90c38b	260cc5a6-ce0a-428a-a206-53eb6675799f	Piña (secado)
eb45f11c-846f-4359-8d79-9eaa849f0b7e	dd25b32b-50c5-4921-893a-d84aae90c38b	7249da4e-59ff-4931-a542-b0781858a77a	Albaricoque (secado)
893e84cd-7479-40d3-8e0c-637753013c6b	dd25b32b-50c5-4921-893a-d84aae90c38b	2abcf2c2-fbee-48aa-b2c4-fd6b32f575ee	Physalis (liofilizado)
21c09b49-ad31-456b-b5fa-e34c6b880ec8	dd25b32b-50c5-4921-893a-d84aae90c38b	2ed0bb68-1347-4f2e-87dc-733c1999ba99	Physalis
cc730436-ff34-4527-bf84-bcb531070339	dd25b32b-50c5-4921-893a-d84aae90c38b	fb1998e6-eb6a-4e9a-8188-e4b537988e7d	Sultanas (Demeter)
337a55c7-e44e-49c1-b60b-d3d114eac73d	dd25b32b-50c5-4921-893a-d84aae90c38b	ad23bf18-6309-4b0f-815b-146da67b5566	rebanadas de mango
259caae1-3cfa-429e-aca9-a1e2e5be6f0e	dd25b32b-50c5-4921-893a-d84aae90c38b	c30af505-71bb-48a6-9bc7-9b1ed90e5424	Arándanos con el jugo de manzana
4fa123c4-e8c2-46a7-816d-5ab545b3e961	dd25b32b-50c5-4921-893a-d84aae90c38b	940b083d-cc6b-4922-b9ea-23aaf97d1f6f	guindas
90269f05-1222-4f57-a9fb-a3ee397e7411	dd25b32b-50c5-4921-893a-d84aae90c38b	7c862786-9ca8-4ed1-9d85-487f00c30b7b	Arándanos (salvaje)
47727f2c-cb94-43af-afb6-96023d569fcb	dd25b32b-50c5-4921-893a-d84aae90c38b	2923435a-5e1b-4967-81b8-1cb9482a673d	Apple (rotschalig)
4b92b4f5-bf80-45e1-9c9f-9078c7d33ab9	dd25b32b-50c5-4921-893a-d84aae90c38b	9d1e2dc8-ab8d-4338-a5be-0ad03dc61a9e	Medjuhl-fechas
2cf2a319-e8ab-4820-9568-47d92c936d3b	dd25b32b-50c5-4921-893a-d84aae90c38b	4964d571-faf6-4154-b60d-bb5bebb3da73	Fechas (sin hueso)
50226312-4870-449b-a828-c0faf2c023cf	dd25b32b-50c5-4921-893a-d84aae90c38b	68b0e7e8-24c5-43b7-86d1-ffbdf7305e41	Xilitol (azúcar de abedul)
34086871-a090-46ef-93df-3b82c051adcd	dd25b32b-50c5-4921-893a-d84aae90c38b	f4992bb1-a258-4ae2-a083-5ecc7dd606fe	La harina de maíz (polenta)
4d35e88d-ad66-4e8d-bb19-5fe81aad3d4e	dd25b32b-50c5-4921-893a-d84aae90c38b	20ab63e1-921e-4f93-80a9-3122ca4f5245	harina de espelta integral
7e4729ad-da1c-4f1a-9e05-492de64cda4c	dd25b32b-50c5-4921-893a-d84aae90c38b	c99ab4a0-ee52-4300-be91-6bfb040800fc	trozos de soja (gruesos)
59296b31-6129-4e2b-9b4d-b6023bc805a8	dd25b32b-50c5-4921-893a-d84aae90c38b	57e5c275-e8c8-421e-ab97-5f41e6a4aa98	trozos de soja (extra fino)
e85736c4-9f0f-4b53-aa7b-8ef8a462f4f2	dd25b32b-50c5-4921-893a-d84aae90c38b	3ddc976c-ba08-4908-94a6-f5e4d6f9e4e2	frijoles (rojo)
dfd67c5b-04bb-4816-8e65-ff6fb66dd8c2	dd25b32b-50c5-4921-893a-d84aae90c38b	b0fc9d04-dcf9-46a5-adc1-83403e095ba3	alubias blancas
a77f7719-f013-4330-9309-bcb3cbecae38	dd25b32b-50c5-4921-893a-d84aae90c38b	b634c5d0-f6e6-467f-99f9-a0a06d7cb7fd	guisantes
24f86ac7-ec44-47c9-8811-20b1ecac119c	dd25b32b-50c5-4921-893a-d84aae90c38b	90e96242-2553-4a97-9803-9b52b1ffb4da	Lentes (rojo)
43c0fbd2-c320-4788-a9f9-a0e6e008bcd4	dd25b32b-50c5-4921-893a-d84aae90c38b	896d311f-ffe7-4355-a4c7-d26728f113f6	Lentes (verde)
7bd4d577-bb91-40e6-b21f-62a1ab32d44b	dd25b32b-50c5-4921-893a-d84aae90c38b	b3bfc715-3c28-4332-bfac-1a8dc9592d09	Lentes (marrón)
37f876ad-23b3-46f4-a1fa-4cbb9ec06d56	dd25b32b-50c5-4921-893a-d84aae90c38b	6d05d6cb-cec8-46d9-95c2-a0e283315353	Lentes (negro)
f6568a72-0da2-46cf-817f-4aa8c1a3834c	dd25b32b-50c5-4921-893a-d84aae90c38b	9cbf2082-d999-480b-99bf-821e56e17c23	garbanzos
1902b878-8186-48d2-b7e1-a2b4ea97fcf0	dd25b32b-50c5-4921-893a-d84aae90c38b	343be699-d5a6-490a-8ca1-24f8eb943f6d	soja
c7c801bd-c926-42fd-bfb9-a953fbd710a6	dd25b32b-50c5-4921-893a-d84aae90c38b	74d146c2-1d18-49f4-85bc-faf5f0755230	maíz para palomitas de maíz
de10fc0e-459b-44eb-9287-3a0173667929	dd25b32b-50c5-4921-893a-d84aae90c38b	3ba9b4a1-b4e1-45cb-baf5-5570530138ed	frijol mungo Goodel Spirelli
abf3a407-c8d2-41ba-abbe-58e8f5a82b69	dd25b32b-50c5-4921-893a-d84aae90c38b	dba88165-45e1-4ee7-a7c5-d6a6001896f5	penne integral
d4343c6d-29a7-43f7-9809-e33860e9a035	dd25b32b-50c5-4921-893a-d84aae90c38b	04baf2ee-a1f2-4874-a538-36ffdea8e631	Lentejas rojas Strozzapreti
f972c76f-6502-4c8a-89a7-c6d920f23930	dd25b32b-50c5-4921-893a-d84aae90c38b	cc6c38fa-c076-4a1e-a179-4cb947d2256f	maíz Penne
85b4e64a-fd9e-4c7b-83c7-d4a3c9f5c6f3	dd25b32b-50c5-4921-893a-d84aae90c38b	6102082a-4e74-4744-9090-0211255ec56e	penne deletreado
83f51b9f-feee-4aa2-930e-8ef4994566f5	dd25b32b-50c5-4921-893a-d84aae90c38b	74a85e3a-0ca0-47b3-97e2-43295db1b6d4	Penne integral de espelta media
0dddfa10-7b76-4b7e-bd71-e38ddd36de4e	dd25b32b-50c5-4921-893a-d84aae90c38b	0fcced05-9ccb-4a66-ad7c-b17c03e4c28c	penne integral
2043896f-70b3-49dd-b31f-bd5085a6fd43	dd25b32b-50c5-4921-893a-d84aae90c38b	ffc27cbf-bd67-40ef-a33c-56d64f628d06	brillante penne
c80a0d8b-aef5-4317-b62d-7cf079e915af	dd25b32b-50c5-4921-893a-d84aae90c38b	adc23a61-fa9b-46f1-89bf-4a6792140a2a	Fussili integral
0463df0d-8237-4866-8a00-c8d3120f7336	dd25b32b-50c5-4921-893a-d84aae90c38b	0d3a30a3-acc3-4dc0-b2fe-8a4741c80181	brillante Fussili
7fe0dede-fa69-4f91-8ec4-44c809ff7f9a	dd25b32b-50c5-4921-893a-d84aae90c38b	548743c6-f79c-4b67-80a8-47d8fb98a409	fideos de arroz
83e9b15f-685e-4756-864d-c914b81d768e	dd25b32b-50c5-4921-893a-d84aae90c38b	641de30d-49b5-40dd-beb9-65925dafc9c7	pretzels espelta
b495fd70-013d-4edc-8f19-7894f7b41792	dd25b32b-50c5-4921-893a-d84aae90c38b	4568080e-dff7-4ca8-83be-824ca50c2536	arroz de grano largo (blanco)
eb5d3a30-c3b2-4542-b40e-0a67a009d1c7	dd25b32b-50c5-4921-893a-d84aae90c38b	14149d5d-5768-4110-879d-8d019c4648a2	Jazmín de arroz integral
34e2754b-6758-4eb3-b465-7589af7422c9	dd25b32b-50c5-4921-893a-d84aae90c38b	360bea7a-7d83-45b5-871b-4ca434a15051	arroz jazmín blanco
60fe9504-6e39-4f8d-b8aa-3074a34da4ea	dd25b32b-50c5-4921-893a-d84aae90c38b	297cd963-8aa6-4730-b6e0-2f6ad60427ed	basmati integral
836447e8-9253-411f-a55f-a20744528424	dd25b32b-50c5-4921-893a-d84aae90c38b	0259ec1c-756b-497c-ba00-b76309e582ef	Lavaplatos líquido limón
61a04bdb-4b11-448c-b032-2cb1e31c7cb9	dd25b32b-50c5-4921-893a-d84aae90c38b	b3bb16f8-0d1c-4d82-82a7-ec9239226787	Allesreiniger
5273d9ea-e6e0-43ff-8c7e-85462297ac27	dd25b32b-50c5-4921-893a-d84aae90c38b	85368bb2-d502-420d-a7be-b3f6b88c8970	detergente sensible
4b41f47c-d83f-445c-aca7-3e30b9ba3aa3	dd25b32b-50c5-4921-893a-d84aae90c38b	5ca9e638-3667-4797-8cbf-c0c2402951c6	detergente en color
a2d6dd97-559c-40fd-ae13-5e2026797aa6	dd25b32b-50c5-4921-893a-d84aae90c38b	0b81267f-3335-447b-ba14-fadcf7bd1e2a	lavanda detergente
1de9fc07-5bea-4d35-94a0-35a828a42a51	dd25b32b-50c5-4921-893a-d84aae90c38b	292bb8a9-508d-4cdd-80be-16937c0d3429	detergente de oliva para la lana y la seda
aa034c51-d8a8-4ce7-bd53-64127887c1ed	dd25b32b-50c5-4921-893a-d84aae90c38b	07cce83a-b0be-4dae-b91a-47d40cda4542	Jabón de romero
24a7ccd5-aaa0-4de6-8376-07ab8db44142	dd25b32b-50c5-4921-893a-d84aae90c38b	6a6037de-6dea-4825-8d84-0ffc43763a2f	la desinfección de superficies
db2a07cb-8266-43f5-afb3-e0260111f0fb	dd25b32b-50c5-4921-893a-d84aae90c38b	9fa156ea-697a-4228-985b-a57e527d31e6	limpiacristales
41e75bc0-b736-4daf-b061-5f58a1b52c97	dd25b32b-50c5-4921-893a-d84aae90c38b	d1fd1dec-7886-4894-9f0b-bebbbff65d6a	limpiador de baños
57369244-f5c8-4e97-bc0c-c15c33c6db37	dd25b32b-50c5-4921-893a-d84aae90c38b	817d28ca-f46f-4729-94d8-875f93c95be5	limpiadores de baño
db3b3f28-44f8-4051-8feb-0119968361a3	dd25b32b-50c5-4921-893a-d84aae90c38b	63a1b4a3-073f-42db-922d-cfb676cd101a	abrillantador
2c9e477d-3334-49ec-ba41-de3fba1281f0	dd25b32b-50c5-4921-893a-d84aae90c38b	4b124e3f-3991-4ef9-b04c-d431f1e8186b	Carbón (tierra)
295e52dc-a56b-4144-982f-a5c8b8903afb	dd25b32b-50c5-4921-893a-d84aae90c38b	ce34f62a-e219-401d-a450-bb44c3700aa1	tiza barro
4ca2f1af-d5d5-4b28-8a8b-35661c168e11	dd25b32b-50c5-4921-893a-d84aae90c38b	7b4a8114-0c1e-40ee-9836-30917ad89813	almidón de maíz
68bc09fd-2d22-45e7-a7c0-263df3554514	dd25b32b-50c5-4921-893a-d84aae90c38b	57cebb82-3435-4398-b388-cfbe82e60f4e	manteca de cacao
160ae16a-dd35-4ed3-a779-ea8d396aabc3	dd25b32b-50c5-4921-893a-d84aae90c38b	762fc063-308f-4aa3-908d-70e69441c16d	Champú cabello graso
378ef7ab-6fd7-45a6-a54d-58feabda5e1f	dd25b32b-50c5-4921-893a-d84aae90c38b	8d53e630-ae9c-4bb2-98ca-5a3372f2f443	Champú cabello seco
d7d3e5b3-7305-417a-aaad-e69fde116121	dd25b32b-50c5-4921-893a-d84aae90c38b	6f7dc156-dd1b-4e37-a308-e1a6c449c109	vinagre
1145fd93-fdd0-419b-8b53-e29fba41df56	dd25b32b-50c5-4921-893a-d84aae90c38b	3a4957c1-f618-4534-b9ce-8f8ef40ce350	vinagre Brandy (10% de ácido)
9d770710-3d5a-4d45-ab0c-babbb92e392f	dd25b32b-50c5-4921-893a-d84aae90c38b	ec0cb9eb-42ff-4aa8-a3b1-2d17dbf9e238	Tahin Nourit (pasta de sésamo)
6630af8a-d7cb-4529-8fa4-68b8bce2b030	dd25b32b-50c5-4921-893a-d84aae90c38b	25f8fe02-a508-46d5-9801-e8a920aa931f	Aceto Balsámico
d5257fe9-a1d9-4995-b49e-adec9d8a9d88	dd25b32b-50c5-4921-893a-d84aae90c38b	ed889d6e-a393-4976-a119-a83f0589ed38	El aceite de colza Extra Suave
9cd6e678-13de-4e84-ae3c-b25d9d8fae4c	dd25b32b-50c5-4921-893a-d84aae90c38b	2341d0f8-05f4-4324-b2e4-a0716beeb2a2	aceite de cocina
eeb2f91d-0c06-4de3-979a-8522dc2afaa5	dd25b32b-50c5-4921-893a-d84aae90c38b	939a4c94-4a46-4303-8c42-1bfbb1b4917a	aceite de girasol
ce9a9a82-1879-417f-8f67-f6ad88a9e908	dd25b32b-50c5-4921-893a-d84aae90c38b	5b07f7b9-e521-4f5f-a3b1-6b3ab4d9bd4e	mousse de ducha
ac66c731-59f2-4742-9bbb-060d0d0bdbab	dd25b32b-50c5-4921-893a-d84aae90c38b	7b9befc2-dc4d-450e-bd76-d2cf5030c41c	Cilantro (suelo)
4c45ab32-fb9b-4cb6-ac91-f1df2d18508b	dd25b32b-50c5-4921-893a-d84aae90c38b	da91de35-1e66-4c1e-b3b0-0dd5a061f8ad	cilantro
d77e56d8-1888-4808-8eee-267a5beacbf6	dd25b32b-50c5-4921-893a-d84aae90c38b	4993e597-5c92-495f-9649-e2228db48dd1	Pimentón (dulce noble)
8de0e28a-5cc8-43db-ad12-92b911c9bda8	dd25b32b-50c5-4921-893a-d84aae90c38b	218e8a55-c09c-4164-b16f-84d8452e56f2	Pimientos (caliente)
4e668c54-e28f-4637-a918-da7d81822f6f	dd25b32b-50c5-4921-893a-d84aae90c38b	e43ca25c-392b-4f43-9563-930c7f5b6119	curry en copos
e3fec169-d636-42ff-946d-88f636d9bd6d	dd25b32b-50c5-4921-893a-d84aae90c38b	d59d968f-9445-451b-ae75-8ddd4a590e6e	anacardos