f712a2de-68bf-492d-815b-99a5226fd4a9	6ef6605f-8003-4a0a-8284-4bca61d31b98	342cc754-b33f-4be7-b2b5-12ce6d27ae22
3d575ac3-d9bd-4645-bb54-d9cdf5973930	6ef6605f-8003-4a0a-8284-4bca61d31b98	c6625b15-43ea-4930-be80-bfb33fab6986
a095453d-b669-404d-84b1-09fd83613fdd	6ef6605f-8003-4a0a-8284-4bca61d31b98	8fac1bc4-0d3b-400e-9ebf-7134cc452cfc
95635605-1ba2-43b6-97f7-258cd9e2741a	6ef6605f-8003-4a0a-8284-4bca61d31b98	f635b387-093b-4f61-9c1e-9b83b947c4a5
50a80e12-6210-43f9-97d0-9a68ee4eed1c	6ef6605f-8003-4a0a-8284-4bca61d31b98	8715dc26-4589-430c-b4bc-63a1779dba6e
9e286a6c-47a0-4d76-8e99-e9e9ccb9f38a	6ef6605f-8003-4a0a-8284-4bca61d31b98	c52ad4e5-4e44-420d-b0dd-fb4b8240410f
a1d09a24-bf75-4c2d-b3bd-76f4a6ca6b91	6ef6605f-8003-4a0a-8284-4bca61d31b98	0e0778f3-4cdb-47bc-ab97-a065ea8453e0
d8b908cf-a93c-41a2-9f8e-be3a86e15965	6ef6605f-8003-4a0a-8284-4bca61d31b98	8deaa08f-a33d-40f1-a1d5-972cd412f9d7
2e0ba571-4b6b-4f0b-afe2-a0cc04c44e1b	6ef6605f-8003-4a0a-8284-4bca61d31b98	55f89442-67be-44db-82a8-4f260d735cd2
736704f4-c92a-4a49-a985-67bb48d51001	6ef6605f-8003-4a0a-8284-4bca61d31b98	5dcc4db6-7424-4b46-9843-a8ade1f66327
05d29dc5-97d6-4a10-af2a-a26457b90e63	6ef6605f-8003-4a0a-8284-4bca61d31b98	e1696d9a-7d25-441f-ad52-a37cedca4698
d53f1431-acbb-4969-8407-cff211783d41	6ef6605f-8003-4a0a-8284-4bca61d31b98	b6763e89-e79c-4a38-88d0-80d099af4e9a
84dbd732-2837-4b39-aa85-9dbf66bbdd91	6ef6605f-8003-4a0a-8284-4bca61d31b98	c8f702e5-632d-48ac-91aa-19a17f9d8601
68d1cf82-bb27-4cd8-a7d1-5515d91e1bf0	6ef6605f-8003-4a0a-8284-4bca61d31b98	62b19a26-ef18-4269-89a9-909727dab76f
22354151-de31-4c79-8a89-1476b3e03f1f	6ef6605f-8003-4a0a-8284-4bca61d31b98	61bd7b9b-cc51-4d8e-b76c-4e1aff510714
b0b312a6-eca4-4ed9-8b7f-e9b611bd0327	6ef6605f-8003-4a0a-8284-4bca61d31b98	9e9d4868-a0ae-46ab-9beb-c2f701f46c53
308ac502-3149-414e-a520-df5ba2f1a26d	6ef6605f-8003-4a0a-8284-4bca61d31b98	0e3d150b-ebe7-4ffa-85f4-9d31b8fed0e6
cf6a6124-2425-42ba-9d47-8699dd3d53ba	6ef6605f-8003-4a0a-8284-4bca61d31b98	4a82a599-46ec-4acd-a613-df900ccc29f6
eb90e6ea-84e4-48cb-9112-c34414f857d9	6ef6605f-8003-4a0a-8284-4bca61d31b98	074687eb-a29f-4cca-8b3e-db0b58f8310d
63ae5a09-4f93-47f6-af94-5efa88c50977	6ef6605f-8003-4a0a-8284-4bca61d31b98	35eeb71a-1542-45bc-93d0-fac367fe0d8e
1fa29d62-1980-4eb6-9908-83d67aa6d39d	6ef6605f-8003-4a0a-8284-4bca61d31b98	900e2ca3-9a98-4a69-9950-b9aedb25642d
d96f5cc8-cbef-428c-a645-85c26d3f1219	6ef6605f-8003-4a0a-8284-4bca61d31b98	a01984db-5bd6-4efb-b0f1-3cfcf08ae300
29e4cbef-d0af-410c-83eb-21694c1999a7	6ef6605f-8003-4a0a-8284-4bca61d31b98	6524d97e-8d79-4c3f-b367-6048a612cc88
df57c8ed-55de-4ea4-a95b-f353b46e4dcf	6ef6605f-8003-4a0a-8284-4bca61d31b98	011237ef-ab2f-4f91-8561-e36ee70c5bd7
bfdb1839-3ad5-4e00-940d-d20e77b69280	6ef6605f-8003-4a0a-8284-4bca61d31b98	e0a05905-1e93-423f-a6cc-75b8f8590e10
1c532002-04d5-461c-9ac5-818694e8b5f7	6ef6605f-8003-4a0a-8284-4bca61d31b98	ce4f57b0-6781-4386-a4f2-77b06a77fe8d
017173a5-e789-4eff-987b-1d104969bed0	6ef6605f-8003-4a0a-8284-4bca61d31b98	07eeb0db-7c1d-4193-9f33-709fdf62e78c
d8b65f00-d7ba-4356-b376-53e9c8a107f8	6ef6605f-8003-4a0a-8284-4bca61d31b98	fb3ee520-21d0-4d81-af12-636f3fcca49a
28778f73-790a-4217-a72c-1d5a121d708c	6ef6605f-8003-4a0a-8284-4bca61d31b98	208d541a-b443-4d71-9859-485646463a33
081238e7-ba1d-4c33-aa56-ccb287a2b6bc	6ef6605f-8003-4a0a-8284-4bca61d31b98	d33ce218-eab5-46de-af90-bbcaec22dca8
f8c939ab-990c-4115-8276-efd9f35dbffb	6ef6605f-8003-4a0a-8284-4bca61d31b98	8eabeaf4-780e-4bdb-a54f-3691dd2b4daf
325303a7-3cdf-4f5d-a5ad-f54bd8f56271	6ef6605f-8003-4a0a-8284-4bca61d31b98	b8ac26b5-8cf4-4a60-9256-b14c87e1a182
9bb0f5ff-c45d-4de2-8049-1d50782ba51b	6ef6605f-8003-4a0a-8284-4bca61d31b98	8e5d13dd-da17-47e8-a5a8-7369718f512a
3d39456c-31af-4ab6-8e79-9f05436cacd4	6ef6605f-8003-4a0a-8284-4bca61d31b98	e0605c90-9a00-4134-8fdb-ece8879b1e5a
e0e75f03-b733-403d-9170-69deae75f81c	6ef6605f-8003-4a0a-8284-4bca61d31b98	b9ce0e33-d3fc-44b7-af2c-6792f9fcc503
ba1ce093-319b-45f2-b8f5-b62c2c9bc1c3	6ef6605f-8003-4a0a-8284-4bca61d31b98	1a197908-0212-43e7-8ecb-b2481f12f9c9
fc837be6-31de-4241-8a6b-181e59812999	6ef6605f-8003-4a0a-8284-4bca61d31b98	61b63d74-c0c1-4cd0-86ce-edffe6199bc3
a72c5141-9dd9-4868-8ad1-100012f03904	6ef6605f-8003-4a0a-8284-4bca61d31b98	898427b1-673a-4664-958d-e2e03ca872c5
bfb74f62-f409-4feb-985e-39e96ea30de6	6ef6605f-8003-4a0a-8284-4bca61d31b98	b3bb0683-b7d2-405d-86c7-db43b8a5791f
ab240fed-70c5-453f-b476-f0276dfde4d8	6ef6605f-8003-4a0a-8284-4bca61d31b98	aa43e31e-c2af-409e-8d0a-c75734ed0f7e
00d2a3fd-1b8c-4f26-9fbd-0bc3db6bcfa7	6ef6605f-8003-4a0a-8284-4bca61d31b98	7781339b-15bd-4d1c-94ca-a3ae77d9ebb5
badd9a5c-36ee-4f00-8b67-7e1e5830c0c1	6ef6605f-8003-4a0a-8284-4bca61d31b98	ca110452-b2ab-4c9c-b292-3c982ad9c380
8edd89cf-04f2-4a56-82f5-f2e0e86eaba1	6ef6605f-8003-4a0a-8284-4bca61d31b98	9bfd0bcf-82f9-4cf2-acda-30b1a78f2b2f
d0dfc50f-0cfb-424c-87f0-b7a73f017e2a	6ef6605f-8003-4a0a-8284-4bca61d31b98	cd0462ef-5a55-4b5c-a0e7-535bb2245e48
17f006b3-91ba-4fbc-b628-97a8cc1a13bc	6ef6605f-8003-4a0a-8284-4bca61d31b98	d35afda1-066d-42f7-989d-efa3b298eedc
b53a9de8-b0c9-484f-a8bd-0945534cfd3a	6ef6605f-8003-4a0a-8284-4bca61d31b98	a1b880f1-5c8c-4e26-970f-b0ed9d87ad0a
5390467d-ae2a-4335-9e07-90dc90471324	6ef6605f-8003-4a0a-8284-4bca61d31b98	9ce1c00e-ffab-4ed8-9d1c-2410b1d3d7a3
354eb431-db99-472c-a85e-864509ffff29	6ef6605f-8003-4a0a-8284-4bca61d31b98	c8d63d7a-9e8e-488c-b46f-4cb2ecd5536f
d6feed43-ceb3-4c20-bd85-52260188d655	6ef6605f-8003-4a0a-8284-4bca61d31b98	94784f16-5f5f-4d0a-9b74-a4ba1d2cb0ae
d0a9ca2b-5d84-4470-b178-5c1c77e76ceb	6ef6605f-8003-4a0a-8284-4bca61d31b98	8bfd49b3-0756-4cd4-9ff1-107567da1b37
5ad0b897-b4a3-4d02-a13d-b2a240727138	6ef6605f-8003-4a0a-8284-4bca61d31b98	0d066ddf-e140-4348-9cc4-6f58acfafa3f
7faf54e9-33f4-4525-8e50-9e00d90cfbaa	6ef6605f-8003-4a0a-8284-4bca61d31b98	381d409a-a961-4670-8478-e809316b2207
9ded56e7-aae2-46e2-b542-ab35c7e5401c	6ef6605f-8003-4a0a-8284-4bca61d31b98	15a44e3a-74fb-47da-a208-0a251e98a1c1
e635ddce-f44c-43d6-ab8d-5ea169327660	6ef6605f-8003-4a0a-8284-4bca61d31b98	71663747-da45-41d9-8df2-818a1c06487d
b4a7f4e8-0176-4e13-a051-9db328f0aa9b	6ef6605f-8003-4a0a-8284-4bca61d31b98	5003cf12-dbc6-4ba0-8431-7634ff54c6c3
a40f99c9-b576-4f50-93b5-71bd0c6a3c0c	6ef6605f-8003-4a0a-8284-4bca61d31b98	99bc216a-974b-4848-a737-0f8243c3aadd
5bb345cd-244a-4875-928d-011bc6be9eb6	6ef6605f-8003-4a0a-8284-4bca61d31b98	99c3972b-0fb7-4659-a8b9-dfe9d052eb28
f66d1c8d-3128-4641-b3e9-5a71868c88f4	6ef6605f-8003-4a0a-8284-4bca61d31b98	ecddfa01-6ebd-4d3b-a6e5-92e8ff3b0a39
8683a594-3083-4b11-8a56-e753266f29c2	6ef6605f-8003-4a0a-8284-4bca61d31b98	a06eb5e9-9261-4b62-bcc0-3438dbad2a6b
787efe49-b4ef-4431-bbd4-a9f00d204a78	6ef6605f-8003-4a0a-8284-4bca61d31b98	2fc99904-6a9a-4c95-ba86-26ce17951088
94364800-1398-4f50-b706-942c5ef56fa1	6ef6605f-8003-4a0a-8284-4bca61d31b98	73d16adb-5843-4818-a600-d0893e46a400
d79d5e19-be2d-4b22-8df9-d1b86be69492	6ef6605f-8003-4a0a-8284-4bca61d31b98	f2a7998d-b20d-4adb-939a-c0a6e23f3ca3
632228dc-8e99-498d-bbea-dcaefe247366	6ef6605f-8003-4a0a-8284-4bca61d31b98	260cc5a6-ce0a-428a-a206-53eb6675799f
375d0523-c993-4697-b2ec-e5b6c1720cf9	6ef6605f-8003-4a0a-8284-4bca61d31b98	7249da4e-59ff-4931-a542-b0781858a77a
84e331aa-89bf-4f21-a75f-ed6e619994d8	6ef6605f-8003-4a0a-8284-4bca61d31b98	2abcf2c2-fbee-48aa-b2c4-fd6b32f575ee
d8bacf85-51d1-4d84-906f-5e9378ae3553	6ef6605f-8003-4a0a-8284-4bca61d31b98	2ed0bb68-1347-4f2e-87dc-733c1999ba99
3cde7d96-bc45-4d9c-ae1b-e8c18633b38b	6ef6605f-8003-4a0a-8284-4bca61d31b98	fb1998e6-eb6a-4e9a-8188-e4b537988e7d
3975002f-a4cb-4e42-91bc-a1a170c73d4d	6ef6605f-8003-4a0a-8284-4bca61d31b98	ad23bf18-6309-4b0f-815b-146da67b5566
0be62eff-f714-45d2-8b3e-53e30f84a072	6ef6605f-8003-4a0a-8284-4bca61d31b98	c30af505-71bb-48a6-9bc7-9b1ed90e5424
af133aa6-daf8-49d6-8058-88d7e039ab9d	6ef6605f-8003-4a0a-8284-4bca61d31b98	940b083d-cc6b-4922-b9ea-23aaf97d1f6f
1d8e7057-0080-45af-839b-2f719a63784b	6ef6605f-8003-4a0a-8284-4bca61d31b98	7c862786-9ca8-4ed1-9d85-487f00c30b7b
b6f162cf-17f1-40de-af72-538b97766fee	6ef6605f-8003-4a0a-8284-4bca61d31b98	2923435a-5e1b-4967-81b8-1cb9482a673d
e6cd8438-e82b-418a-9cc2-9d0a578286f1	6ef6605f-8003-4a0a-8284-4bca61d31b98	9d1e2dc8-ab8d-4338-a5be-0ad03dc61a9e
01ff19e8-674e-4347-a566-026a036bee11	6ef6605f-8003-4a0a-8284-4bca61d31b98	4964d571-faf6-4154-b60d-bb5bebb3da73
5331be3d-79c2-446e-91c2-866629ef2335	6ef6605f-8003-4a0a-8284-4bca61d31b98	68b0e7e8-24c5-43b7-86d1-ffbdf7305e41
beaf056f-774b-49fd-a68d-ac31eeaa9311	6ef6605f-8003-4a0a-8284-4bca61d31b98	f4992bb1-a258-4ae2-a083-5ecc7dd606fe
6cbb016b-775c-4ce3-8b3e-2765bea038e3	6ef6605f-8003-4a0a-8284-4bca61d31b98	20ab63e1-921e-4f93-80a9-3122ca4f5245
4eb3e6db-e32c-4713-9b53-2bbbf387411a	6ef6605f-8003-4a0a-8284-4bca61d31b98	c99ab4a0-ee52-4300-be91-6bfb040800fc
35993634-7b84-4665-b186-84cd7dcb97e6	6ef6605f-8003-4a0a-8284-4bca61d31b98	57e5c275-e8c8-421e-ab97-5f41e6a4aa98
a1352be6-72c7-4da3-8d56-6533aed05f44	6ef6605f-8003-4a0a-8284-4bca61d31b98	3ddc976c-ba08-4908-94a6-f5e4d6f9e4e2
e808ffc0-0940-494f-97a2-db8c5b203183	6ef6605f-8003-4a0a-8284-4bca61d31b98	b0fc9d04-dcf9-46a5-adc1-83403e095ba3
ca657d0a-c7d4-4958-be35-fe0f16dfb602	6ef6605f-8003-4a0a-8284-4bca61d31b98	b634c5d0-f6e6-467f-99f9-a0a06d7cb7fd
1c1c89f2-39aa-4b56-8345-413b479ba667	6ef6605f-8003-4a0a-8284-4bca61d31b98	90e96242-2553-4a97-9803-9b52b1ffb4da
b437f09b-c7bd-4843-b96c-4bb5f18aad54	6ef6605f-8003-4a0a-8284-4bca61d31b98	896d311f-ffe7-4355-a4c7-d26728f113f6
eb21010e-dbf6-4720-8746-01293d35cfaf	6ef6605f-8003-4a0a-8284-4bca61d31b98	b3bfc715-3c28-4332-bfac-1a8dc9592d09
b1c7b104-c987-4a50-9cbc-f7402828bc31	6ef6605f-8003-4a0a-8284-4bca61d31b98	6d05d6cb-cec8-46d9-95c2-a0e283315353
83e8e7fc-aa5f-4f13-86f8-88220ba82aa9	6ef6605f-8003-4a0a-8284-4bca61d31b98	9cbf2082-d999-480b-99bf-821e56e17c23
ec362e52-b580-49be-9c81-89e41052e462	6ef6605f-8003-4a0a-8284-4bca61d31b98	343be699-d5a6-490a-8ca1-24f8eb943f6d
bd713f3f-654f-488f-bd1f-b86e0e48476c	6ef6605f-8003-4a0a-8284-4bca61d31b98	74d146c2-1d18-49f4-85bc-faf5f0755230
ace52efc-0785-472c-ba5e-ef580a31b89f	6ef6605f-8003-4a0a-8284-4bca61d31b98	3ba9b4a1-b4e1-45cb-baf5-5570530138ed
67993f4b-d9de-4e7e-8f0f-0aff1a7c36d9	6ef6605f-8003-4a0a-8284-4bca61d31b98	dba88165-45e1-4ee7-a7c5-d6a6001896f5
1d1ee8c4-1f60-4bdb-bd7f-496a3510a829	6ef6605f-8003-4a0a-8284-4bca61d31b98	04baf2ee-a1f2-4874-a538-36ffdea8e631
4263aa24-ed86-44d9-94ab-0211c16fd0c1	6ef6605f-8003-4a0a-8284-4bca61d31b98	cc6c38fa-c076-4a1e-a179-4cb947d2256f
971f42ab-5720-476a-9447-4566d5dc091f	6ef6605f-8003-4a0a-8284-4bca61d31b98	6102082a-4e74-4744-9090-0211255ec56e
be36ebdd-8f85-4571-b962-49fe64aad733	6ef6605f-8003-4a0a-8284-4bca61d31b98	74a85e3a-0ca0-47b3-97e2-43295db1b6d4
4df8bb6f-4742-45cc-b4b0-b295a2816704	6ef6605f-8003-4a0a-8284-4bca61d31b98	0fcced05-9ccb-4a66-ad7c-b17c03e4c28c
e171bc20-29ea-4c74-8a34-dda0cca52ede	6ef6605f-8003-4a0a-8284-4bca61d31b98	ffc27cbf-bd67-40ef-a33c-56d64f628d06
aa3cba96-b8e4-4982-9396-cb96373faa0e	6ef6605f-8003-4a0a-8284-4bca61d31b98	adc23a61-fa9b-46f1-89bf-4a6792140a2a
0cc1015c-4dda-4614-a216-3dd4e70552b2	6ef6605f-8003-4a0a-8284-4bca61d31b98	0d3a30a3-acc3-4dc0-b2fe-8a4741c80181
c42d9e23-3e2f-4a73-bd8a-3a782ee665fd	6ef6605f-8003-4a0a-8284-4bca61d31b98	548743c6-f79c-4b67-80a8-47d8fb98a409
04193d4b-4333-4e58-8419-f4017cbb3a1b	6ef6605f-8003-4a0a-8284-4bca61d31b98	641de30d-49b5-40dd-beb9-65925dafc9c7
6eced042-9113-4a63-9366-f742980b7f36	6ef6605f-8003-4a0a-8284-4bca61d31b98	4568080e-dff7-4ca8-83be-824ca50c2536
bdf15c74-5644-4202-9888-a7600460e40a	6ef6605f-8003-4a0a-8284-4bca61d31b98	14149d5d-5768-4110-879d-8d019c4648a2
ed2c4b8c-f738-4cce-9137-c50b6f72a85b	6ef6605f-8003-4a0a-8284-4bca61d31b98	360bea7a-7d83-45b5-871b-4ca434a15051
539f2328-7010-499d-a986-464a9f63b531	6ef6605f-8003-4a0a-8284-4bca61d31b98	297cd963-8aa6-4730-b6e0-2f6ad60427ed
eaef5fb4-d860-4f1c-b2f4-0b4fd004be81	6ef6605f-8003-4a0a-8284-4bca61d31b98	0259ec1c-756b-497c-ba00-b76309e582ef
72fdf9cf-c66d-4067-9a47-523f6fe13e31	6ef6605f-8003-4a0a-8284-4bca61d31b98	b3bb16f8-0d1c-4d82-82a7-ec9239226787
894b7b64-4db8-402f-a240-dd4602110805	6ef6605f-8003-4a0a-8284-4bca61d31b98	85368bb2-d502-420d-a7be-b3f6b88c8970
722c834e-dd38-440a-bdab-665101b4b3b8	6ef6605f-8003-4a0a-8284-4bca61d31b98	5ca9e638-3667-4797-8cbf-c0c2402951c6
ffefacdb-8f88-466c-8309-4b3a7233a924	6ef6605f-8003-4a0a-8284-4bca61d31b98	0b81267f-3335-447b-ba14-fadcf7bd1e2a
4d02e52a-63ba-49b6-9a21-cc5eead03ee9	6ef6605f-8003-4a0a-8284-4bca61d31b98	292bb8a9-508d-4cdd-80be-16937c0d3429
e75a0782-25a5-483e-8655-3ac43e6ce33c	6ef6605f-8003-4a0a-8284-4bca61d31b98	07cce83a-b0be-4dae-b91a-47d40cda4542
d14914b7-36a8-41a6-9267-6812c4c49fd8	6ef6605f-8003-4a0a-8284-4bca61d31b98	6a6037de-6dea-4825-8d84-0ffc43763a2f
a0e27a20-31e7-4e1b-8e8d-a3133bfebd26	6ef6605f-8003-4a0a-8284-4bca61d31b98	9fa156ea-697a-4228-985b-a57e527d31e6
a851fb8d-fb58-4e9a-83d8-87923c704469	6ef6605f-8003-4a0a-8284-4bca61d31b98	d1fd1dec-7886-4894-9f0b-bebbbff65d6a
f4e59f62-8114-4ed4-8e83-4117de56dc54	6ef6605f-8003-4a0a-8284-4bca61d31b98	817d28ca-f46f-4729-94d8-875f93c95be5
77a59f00-1062-4d55-b8af-afde8517751a	6ef6605f-8003-4a0a-8284-4bca61d31b98	63a1b4a3-073f-42db-922d-cfb676cd101a
2b43a981-bc28-4e7b-acf7-3962ff1b2f6a	6ef6605f-8003-4a0a-8284-4bca61d31b98	4b124e3f-3991-4ef9-b04c-d431f1e8186b
79c7e3b9-c7a3-43a0-9b29-3521ec2fbb9c	6ef6605f-8003-4a0a-8284-4bca61d31b98	ce34f62a-e219-401d-a450-bb44c3700aa1
cde58b66-e123-4dbc-92d5-11e4a994894f	6ef6605f-8003-4a0a-8284-4bca61d31b98	7b4a8114-0c1e-40ee-9836-30917ad89813
daf9c263-4836-465a-9aa1-1d55230775d0	6ef6605f-8003-4a0a-8284-4bca61d31b98	57cebb82-3435-4398-b388-cfbe82e60f4e
994aa451-bc37-4e27-8c39-238f71f689f8	6ef6605f-8003-4a0a-8284-4bca61d31b98	762fc063-308f-4aa3-908d-70e69441c16d
8e638b28-8d8c-4a6d-b0a2-5214fe90ed14	6ef6605f-8003-4a0a-8284-4bca61d31b98	8d53e630-ae9c-4bb2-98ca-5a3372f2f443
c4d2a4ac-65ad-4620-a0f7-6da15217fa14	6ef6605f-8003-4a0a-8284-4bca61d31b98	6f7dc156-dd1b-4e37-a308-e1a6c449c109
6d9e7e7e-6d40-4c39-8068-6d459ad1d7dc	6ef6605f-8003-4a0a-8284-4bca61d31b98	3a4957c1-f618-4534-b9ce-8f8ef40ce350
f1c3a3bf-3358-4d29-b753-5fd285986df8	6ef6605f-8003-4a0a-8284-4bca61d31b98	ec0cb9eb-42ff-4aa8-a3b1-2d17dbf9e238
0907ca37-5322-4558-9071-50fd7f25ff8e	6ef6605f-8003-4a0a-8284-4bca61d31b98	25f8fe02-a508-46d5-9801-e8a920aa931f
1bccb627-e496-4e2d-ad52-174cc3a2c839	6ef6605f-8003-4a0a-8284-4bca61d31b98	ed889d6e-a393-4976-a119-a83f0589ed38
999bfa61-27f6-4ecc-a46b-cfbcccafcb8c	6ef6605f-8003-4a0a-8284-4bca61d31b98	2341d0f8-05f4-4324-b2e4-a0716beeb2a2
4f5b481f-d674-47ac-b6fc-7886e556d283	6ef6605f-8003-4a0a-8284-4bca61d31b98	939a4c94-4a46-4303-8c42-1bfbb1b4917a
31fe4158-564c-4c84-af94-a3c58eafc42a	6ef6605f-8003-4a0a-8284-4bca61d31b98	5b07f7b9-e521-4f5f-a3b1-6b3ab4d9bd4e
0bdb0f55-39ac-4586-8e5c-5c618e2d1ac1	6ef6605f-8003-4a0a-8284-4bca61d31b98	7b9befc2-dc4d-450e-bd76-d2cf5030c41c
a3b03b05-8573-4426-a4b9-1d9c9a7d032c	6ef6605f-8003-4a0a-8284-4bca61d31b98	da91de35-1e66-4c1e-b3b0-0dd5a061f8ad
0546a9b2-b57b-4524-aa1a-367ca4c52dbf	6ef6605f-8003-4a0a-8284-4bca61d31b98	4993e597-5c92-495f-9649-e2228db48dd1
f6e7d09f-91d6-4b6a-81a9-6fa995c299f5	6ef6605f-8003-4a0a-8284-4bca61d31b98	218e8a55-c09c-4164-b16f-84d8452e56f2
21073e8f-505a-424a-8409-b0bf5f23fc48	6ef6605f-8003-4a0a-8284-4bca61d31b98	e43ca25c-392b-4f43-9563-930c7f5b6119
c0c54f93-571a-4a38-930d-c73be9bf14a2	6ef6605f-8003-4a0a-8284-4bca61d31b98	d59d968f-9445-451b-ae75-8ddd4a590e6e